age,airbag,injury,restraint,sex,inimpact,modelyr,airbagAvail,year
55,30,0,3,1,9,1995,0,1998
10,30,4,3,2,12,1991,0,1998
55,20,2,3,2,9,1995,1,1998
65,30,3,3,2,12,1995,0,1998
75,30,4,0,1,12,1987,0,1998
85,30,4,3,2,12,1992,0,1998
15,30,4,0,2,12,1990,0,1998
15,30,0,3,2,6,1990,0,1998
20,20,4,0,1,3,1995,1,1998
10,30,3,3,1,9,1994,0,1998
80,1,4,3,1,12,1995,1,1998
35,20,3,3,2,0,1996,1,1998
35,20,0,3,2,6,1994,1,1998
55,20,0,3,1,6,1998,1,1998
15,30,3,9,2,0,1992,0,1998
40,30,4,0,2,12,1994,0,1998
50,20,4,0,2,3,1998,1,1998
0,30,1,0,2,0,1995,0,1998
15,20,4,3,1,0,1998,1,1998
70,30,4,0,2,3,1973,0,1998
15,30,4,3,2,12,1993,0,1998
15,30,3,3,2,0,1991,0,1998
20,30,2,3,1,12,1984,0,1998
25,30,3,3,2,12,1988,0,1998
30,20,4,0,2,14,1997,1,1998
30,20,1,3,1,9,1996,1,1998
35,30,0,3,2,9,1984,0,1998
25,30,3,3,2,12,1985,0,1998
75,30,4,3,2,12,1991,0,1998
80,-1,0,3,2,6,1992,2,1998
15,20,1,0,1,3,1997,1,1998
65,30,4,3,2,12,1992,0,1998
65,30,0,3,2,3,1982,0,1998
20,30,4,0,1,3,1969,0,1998
20,30,4,0,1,3,1987,0,1998
30,1,2,3,1,12,1998,1,1998
10,20,2,3,2,6,1997,1,1998
25,30,0,3,1,12,1983,0,1998
90,20,0,9,2,12,1997,1,1998
20,30,2,3,1,12,1989,0,1998
15,30,1,3,2,12,1989,0,1998
20,30,4,9,1,3,1993,0,1998
30,30,4,3,2,9,1988,0,1998
15,1,0,3,1,12,1996,1,1998
75,30,4,3,2,12,1993,0,1998
15,20,0,3,2,12,1998,1,1998
45,30,3,3,2,6,1991,0,1998
35,20,2,3,2,12,1995,1,1998
30,30,3,0,2,3,1971,0,1998
30,20,0,9,1,3,1995,1,1998
80,30,4,3,2,12,1992,0,1998
25,30,3,3,1,12,1990,0,1998
15,30,4,3,1,3,1993,0,1998
75,1,0,3,2,12,1993,1,1998
20,30,2,0,1,0,1984,0,1998
15,30,4,0,2,9,1989,0,1998
15,30,0,3,1,3,1987,0,1998
30,30,3,3,2,9,1989,0,1998
45,1,4,0,1,12,1996,1,1998
20,30,1,3,1,3,1995,0,1998
25,20,3,3,2,3,1998,1,1998
15,30,0,3,2,3,1988,0,1998
20,30,4,0,1,3,1990,0,1998
65,30,2,3,1,9,1984,0,1998
15,30,3,0,1,3,1993,0,1998
35,30,3,0,1,6,1988,0,1998
25,30,0,3,2,12,1990,0,1998
20,30,4,0,2,12,1992,0,1998
80,20,2,3,1,9,1997,1,1998
5,30,1,9,2,9,1992,0,1998
30,30,2,9,1,12,1986,0,1998
20,30,4,3,1,12,1992,0,1998
70,30,4,3,2,12,1993,0,1998
5,30,0,3,1,9,1994,0,1998
20,20,0,3,2,12,1994,1,1998
20,30,1,3,2,9,1991,0,1998
65,1,4,0,1,9,1997,1,1998
30,20,1,3,2,9,1997,1,1998
40,30,4,3,2,3,1984,0,1998
0,30,1,3,2,0,1988,0,1998
45,1,2,3,2,12,1997,1,1998
15,30,4,3,2,12,1987,0,1998
50,20,0,3,1,6,1998,1,1998
20,-1,4,3,1,12,1989,2,1998
25,1,1,3,1,12,1997,1,1998
5,20,2,9,2,6,1985,1,1998
15,30,3,3,1,12,1986,0,1998
5,30,3,3,2,3,1985,0,1998
25,1,3,3,2,12,1992,1,1998
35,30,2,0,1,3,1984,0,1998
20,1,4,0,2,3,1995,1,1998
55,30,4,3,2,12,1987,0,1998
35,20,1,3,2,9,1997,1,1998
5,20,3,3,1,12,1998,1,1998
80,20,1,3,2,0,1994,1,1998
80,30,4,0,2,12,1991,0,1998
45,-1,3,3,1,12,1992,2,1998
75,-1,3,3,2,12,1993,2,1998
20,2,3,9,2,12,1996,1,1998
70,-1,3,3,2,6,1992,2,1998
20,30,4,0,1,0,1986,0,1998
60,30,4,0,2,3,1987,0,1998
5,30,4,3,2,3,1985,0,1998
50,30,2,0,2,9,1994,0,1998
15,30,4,0,2,12,1994,0,1998
15,1,2,3,2,12,1998,1,1998
45,30,0,3,2,6,1991,0,1998
25,30,3,0,1,9,1989,0,1998
15,30,4,0,2,12,1994,0,1998
15,30,4,9,1,12,1989,0,1998
30,20,0,3,2,12,1998,1,1998
40,30,4,0,1,3,1988,0,1998
20,30,4,9,1,12,1991,0,1998
15,30,0,3,1,12,1992,0,1998
30,30,0,9,1,3,1981,0,1998
0,30,0,4,1,12,1992,0,1998
15,30,0,3,1,9,1991,0,1998
30,20,2,3,2,12,1993,1,1998
25,-1,3,3,2,12,1993,2,1998
40,-1,1,3,2,12,1993,2,1998
15,1,3,3,2,12,1998,1,1998
25,30,4,0,1,9,1981,0,1998
70,30,4,3,2,12,1989,0,1998
15,1,4,0,2,3,1995,1,1998
80,30,4,0,2,12,1986,0,1998
25,20,3,0,1,12,1998,1,1998
30,30,3,3,1,9,1978,0,1998
20,30,3,0,1,12,1994,0,1998
35,30,4,3,2,12,1992,0,1998
10,30,3,0,1,12,1990,0,1998
40,30,2,9,1,12,1990,0,1998
70,30,2,3,2,3,1993,0,1998
55,-1,4,3,2,12,1994,2,1998
10,30,2,3,2,9,1990,0,1998
5,30,0,0,2,12,1993,0,1998
20,30,4,0,1,12,1993,0,1998
75,30,2,3,2,3,1983,0,1998
30,30,4,3,2,12,1991,0,1998
20,30,4,0,1,12,1991,0,1998
15,30,0,9,2,3,1993,0,1998
35,30,2,3,1,9,1993,0,1998
70,30,0,3,2,6,1995,0,1998
15,30,2,9,1,3,1986,0,1998
10,30,2,3,1,9,1990,0,1998
60,30,4,3,1,3,1992,0,1998
25,1,4,0,2,3,1995,1,1998
15,30,3,3,2,9,1993,0,1998
35,1,4,0,1,12,1995,1,1998
5,1,4,3,2,12,1994,1,1998
25,20,0,3,2,6,1994,1,1998
20,30,4,0,1,0,1985,0,1998
50,30,1,0,1,3,1973,0,1998
55,20,0,3,2,3,1996,1,1998
10,1,2,3,1,12,1993,1,1998
80,30,3,9,2,9,1977,0,1998
35,20,3,0,2,0,1998,1,1998
15,30,4,0,1,3,1988,0,1998
25,30,3,0,1,12,1988,0,1998
20,30,0,0,1,0,1983,0,1998
20,30,0,9,2,9,1991,0,1998
55,30,4,3,2,12,1994,0,1998
45,30,4,3,2,9,1989,0,1998
75,30,4,0,2,12,1987,0,1998
15,-1,4,0,1,0,1998,2,1998
20,-1,3,3,1,3,1996,2,1998
70,-1,4,3,2,3,1994,2,1998
10,30,3,3,2,12,1991,0,1998
25,30,0,3,1,14,1995,0,1998
40,-1,0,3,2,12,1997,2,1998
70,30,4,3,2,12,1993,0,1998
60,1,2,3,2,12,1999,1,1998
65,30,3,3,2,12,1994,0,1998
35,30,3,3,2,9,1987,0,1998
90,30,4,0,2,9,1991,0,1998
35,30,4,3,2,3,1992,0,1998
85,30,4,0,1,12,1988,0,1998
65,9,2,3,2,12,1997,1,1998
10,30,1,0,1,9,1984,0,1998
30,-1,2,3,1,12,1993,2,1998
15,-1,3,3,1,12,1991,2,1998
30,1,3,3,1,12,1996,1,1998
15,-1,0,3,1,12,1985,2,1998
10,-1,2,3,2,12,1986,2,1998
10,-1,0,3,1,6,1991,2,1998
20,-1,3,3,1,12,1984,2,1998
15,-1,4,0,2,3,1986,2,1998
20,-1,0,3,1,9,1993,2,1998
80,-1,4,3,1,3,1993,2,1998
40,-1,4,0,2,12,1987,2,1998
15,-1,4,3,1,9,1988,2,1998
20,9,2,3,1,12,1997,1,1998
20,30,0,0,2,12,1987,0,1998
15,-1,0,3,2,12,1993,2,1998
25,30,4,3,2,12,1991,0,1998
20,-1,3,0,1,3,1995,2,1998
30,30,2,0,1,12,1973,0,1998
5,30,2,0,2,9,1991,0,1998
20,30,2,0,2,12,1995,0,1998
40,30,0,0,2,12,1985,0,1998
15,30,4,3,1,6,1990,0,1998
25,30,4,0,1,12,1991,0,1998
35,-1,0,3,1,12,1995,2,1998
20,1,2,3,1,12,1993,1,1998
40,30,4,0,2,3,1995,0,1998
15,30,3,0,2,9,1987,0,1998
30,30,4,0,1,14,1986,0,1998
50,30,4,0,1,6,1990,0,1998
80,30,0,3,2,9,1994,0,1998
30,30,3,9,2,9,1982,0,1998
15,30,2,0,2,6,1985,0,1998
75,30,4,0,2,12,1993,0,1998
10,30,4,0,1,12,1986,0,1998
20,30,3,3,2,9,1994,0,1998
10,30,1,0,1,3,1990,0,1998
25,30,2,0,2,9,1989,0,1998
15,30,4,0,1,0,1987,0,1998
15,30,2,3,2,6,1992,0,1998
0,30,0,3,2,12,1992,0,1998
15,30,2,3,1,12,1989,0,1998
30,30,1,3,2,9,1995,0,1998
15,2,3,3,2,9,1994,1,1998
20,30,4,0,2,9,1989,0,1998
40,30,2,3,1,12,1989,0,1998
80,30,4,3,1,12,1987,0,1998
0,20,3,0,2,6,1996,1,1998
20,20,4,0,1,3,1997,1,1998
40,20,3,0,1,12,1994,1,1998
25,30,3,0,2,12,1994,0,1998
25,30,4,0,1,3,1978,0,1998
75,30,4,3,2,3,1991,0,1998
20,30,3,3,2,12,1990,0,1998
15,-1,4,0,1,9,1991,2,1998
80,30,4,3,2,3,1976,0,1998
25,9,0,3,1,3,1995,1,1998
35,-1,4,0,1,3,1986,2,1998
25,-1,1,3,1,9,1994,2,1998
15,-1,2,3,2,9,1990,2,1998
20,-1,0,3,1,3,1990,2,1998
20,-1,1,3,1,9,1988,2,1998
15,-1,3,3,1,6,1988,2,1998
50,-1,1,3,1,3,1992,2,1998
55,1,3,3,2,9,1996,1,1998
35,9,2,3,1,9,1998,1,1998
60,-1,4,3,2,9,1987,2,1998
25,-1,4,3,2,9,1996,2,1998
15,30,4,3,1,12,1977,0,1998
15,-1,0,3,1,3,1996,2,1998
15,-1,4,3,1,3,1985,2,1998
10,-1,1,3,1,12,1983,2,1998
20,-1,4,0,1,6,1987,2,1998
20,-1,3,3,2,12,1986,2,1998
65,1,4,3,1,12,1997,1,1998
55,1,4,3,2,12,1998,1,1998
35,-1,3,3,2,12,1987,2,1998
60,-1,4,3,1,3,1986,2,1998
30,-1,4,0,2,12,1981,2,1998
15,-1,2,0,1,6,1988,2,1998
35,-1,4,0,1,12,1995,2,1998
75,-1,4,0,1,12,1990,2,1998
10,30,3,3,1,3,1989,0,1998
90,30,4,9,2,12,1997,0,1998
90,30,3,9,2,12,1993,0,1998
85,30,4,3,2,9,1991,0,1998
45,30,2,0,1,6,1987,0,1998
15,30,2,0,2,12,1991,0,1998
45,20,4,0,2,12,1996,1,1998
20,20,0,3,2,9,1996,1,1998
45,30,4,0,2,12,1984,0,1998
65,30,3,3,2,12,1990,0,1998
75,30,4,3,2,12,1988,0,1998
10,1,3,3,1,12,1997,1,1998
50,-1,4,9,2,3,1988,2,1998
15,30,1,3,1,12,1988,0,1998
15,30,4,0,2,12,1990,0,1998
75,30,4,3,2,12,1994,0,1998
35,30,4,0,1,12,1986,0,1998
40,1,4,3,1,3,1997,1,1999
55,1,0,3,1,9,1999,1,1999
5,30,4,3,1,12,1993,0,1999
15,30,3,0,1,12,1989,0,1999
60,30,4,3,2,6,1990,0,1999
45,30,4,0,2,9,1984,0,1999
15,20,2,3,1,3,1994,1,1999
15,20,3,3,2,6,1995,1,1999
15,20,1,3,1,12,1998,1,1999
50,30,3,0,1,0,1987,0,1999
25,30,0,0,2,6,1987,0,1999
75,30,4,3,1,3,1987,0,1999
50,30,4,3,2,3,1991,0,1999
65,1,1,3,2,9,1997,1,1999
20,20,2,3,2,13,1999,1,1999
35,30,3,3,2,6,1990,0,1999
25,-1,3,3,2,3,1984,2,1999
45,-1,4,0,2,12,1995,2,1999
30,-1,4,9,2,3,1997,2,1999
25,-1,4,3,1,3,1989,2,1999
25,30,0,3,1,9,1989,0,1999
15,30,0,0,1,12,1962,0,1999
10,30,4,0,2,14,1978,0,1999
60,30,1,3,1,12,1989,0,1999
50,1,4,3,1,14,1997,1,1999
50,30,4,3,2,12,1988,0,1999
15,20,3,3,1,12,1998,1,1999
15,1,4,0,1,12,1995,1,1999
25,30,4,0,1,12,1992,0,1999
20,30,2,3,1,12,1992,0,1999
15,20,2,3,1,12,1999,1,1999
60,30,0,9,2,12,1995,0,1999
15,30,4,0,1,12,1993,0,1999
25,30,3,3,2,12,1989,0,1999
80,30,3,3,2,12,1987,0,1999
20,20,0,9,2,12,1998,1,1999
45,20,4,3,1,3,1998,1,1999
25,30,4,3,1,3,1993,0,1999
70,30,4,3,2,3,1987,0,1999
25,30,0,3,1,12,1989,0,1999
70,1,2,0,2,3,1998,1,1999
20,1,2,0,2,12,1995,1,1999
25,30,2,0,1,12,1989,0,1999
0,30,0,3,1,3,1984,0,1999
65,30,3,3,1,3,1978,0,1999
35,30,3,0,1,9,1968,0,1999
70,30,4,3,2,3,1991,0,1999
85,30,3,0,1,12,1987,0,1999
50,20,0,3,1,6,1999,1,1999
15,30,2,3,2,12,1990,0,1999
30,30,3,0,1,9,1989,0,1999
15,30,3,0,1,12,1989,0,1999
20,20,0,0,1,0,1995,1,1999
20,30,4,0,1,3,1994,0,1999
15,20,1,3,2,12,1999,1,1999
35,1,2,3,2,12,1995,1,1999
80,30,4,3,2,9,1992,0,1999
70,1,4,3,2,9,1998,1,1999
15,30,1,3,2,3,1994,0,1999
15,30,0,3,2,12,1986,0,1999
55,1,2,3,2,12,1998,1,1999
80,20,4,3,2,9,1996,1,1999
90,20,0,3,1,12,1998,1,1999
5,30,3,3,1,12,1993,0,1999
35,30,2,3,2,9,1987,0,1999
70,30,4,3,2,12,1993,0,1999
20,30,0,0,2,12,1988,0,1999
15,30,0,3,2,9,1988,0,1999
50,30,4,0,2,3,1995,0,1999
60,1,3,3,1,3,1999,1,1999
75,30,3,3,2,9,1986,0,1999
35,30,2,9,2,12,1991,0,1999
20,30,4,0,1,0,2000,0,1999
25,20,2,3,2,9,1999,1,1999
30,30,4,9,1,3,1987,0,1999
15,30,4,3,1,12,1992,0,1999
15,30,0,3,2,9,1990,0,1999
30,30,2,9,1,12,1985,0,1999
55,1,2,3,2,12,1993,1,1999
45,30,4,3,2,9,1992,0,1999
25,30,3,0,1,12,1984,0,1999
40,1,3,3,2,3,2000,1,1999
40,20,4,3,2,6,1994,1,1999
20,30,2,3,2,3,1987,0,1999
20,30,3,0,1,9,1985,0,1999
60,30,2,3,2,12,1987,0,1999
15,20,2,3,1,12,1997,1,1999
65,1,4,3,2,9,1999,1,1999
15,1,4,0,1,3,1999,1,1999
25,20,2,3,1,6,1999,1,1999
85,20,3,3,2,9,1999,1,1999
15,30,0,3,1,12,1992,0,1999
25,30,2,3,1,0,1993,0,1999
20,30,0,0,1,12,1989,0,1999
20,20,1,3,2,12,1997,1,1999
15,30,3,3,2,12,1991,0,1999
40,20,2,0,2,12,2000,1,1999
15,20,1,3,1,12,1999,1,1999
60,-1,4,3,2,12,1996,2,1999
65,20,4,3,2,6,1995,1,1999
30,20,4,0,2,0,1995,1,1999
50,30,0,3,2,3,1997,0,1999
15,30,4,3,1,12,1994,0,1999
90,30,4,0,2,12,1992,0,1999
15,30,3,3,1,12,1985,0,1999
45,1,4,3,1,6,1996,1,1999
30,30,2,0,1,12,1987,0,1999
30,20,3,0,1,3,1995,1,1999
40,30,3,0,2,9,1981,0,1999
15,30,4,0,2,9,1990,0,1999
15,30,2,0,1,12,1968,0,1999
30,30,2,0,2,12,1977,0,1999
70,30,4,3,1,12,1994,0,1999
20,20,1,3,1,9,1992,1,1999
35,30,3,0,1,0,1995,0,1999
25,1,2,0,1,12,1995,1,1999
70,20,4,3,2,3,1989,1,1999
35,1,4,9,2,3,1996,1,1999
30,30,1,3,1,12,1998,0,1999
55,20,4,0,2,9,1996,1,1999
20,30,4,0,2,6,1987,0,1999
15,30,3,0,2,9,1989,0,1999
25,30,3,0,1,6,1987,0,1999
35,30,3,9,2,9,1994,0,1999
10,30,3,3,2,12,1988,0,1999
15,30,4,3,2,3,1988,0,1999
35,20,4,9,2,3,1997,1,1999
40,30,0,9,2,12,1993,0,1999
20,1,3,0,1,9,1995,1,1999
65,20,4,0,2,0,1996,1,1999
15,20,4,0,1,3,1999,1,1999
80,1,4,3,1,3,1996,1,1999
30,30,2,0,1,12,1988,0,1999
80,1,3,3,1,12,1999,1,1999
25,20,4,3,1,9,1995,1,1999
75,1,2,3,2,6,1996,1,1999
5,30,4,0,2,12,1985,0,1999
10,30,4,0,1,3,1998,0,1999
40,30,3,3,2,9,1995,0,1999
60,30,3,9,1,12,1983,0,1999
20,30,2,3,2,12,1990,0,1999
85,1,4,0,2,3,1995,1,1999
15,30,4,0,1,9,1988,0,1999
20,30,3,3,1,12,1994,0,1999
20,30,2,0,1,12,1993,0,1999
55,30,3,3,2,9,1997,0,1999
70,30,3,3,2,13,1999,0,1999
10,30,2,3,1,9,1995,0,1999
10,30,4,0,2,12,1988,0,1999
15,30,4,0,1,3,1988,0,1999
55,30,3,9,2,6,1996,0,1999
80,30,4,3,2,9,1992,0,1999
15,30,4,0,2,3,1994,0,1999
40,30,3,3,2,12,1985,0,1999
75,30,4,0,2,9,1989,0,1999
80,20,4,3,1,0,1998,1,1999
80,30,3,3,1,12,1984,0,1999
20,30,3,3,2,12,1990,0,1999
30,30,4,0,1,12,1986,0,1999
20,30,1,0,1,0,1993,0,1999
20,30,0,3,1,9,1989,0,1999
60,30,4,3,2,6,1999,0,1999
20,30,3,0,1,12,1969,0,1999
30,30,3,3,2,0,1993,0,1999
20,30,3,0,2,9,1990,0,1999
60,30,4,3,2,3,1986,0,1999
75,20,4,0,2,3,1999,1,1999
35,30,2,0,1,12,1993,0,1999
75,30,4,0,1,3,1985,0,1999
25,30,2,3,1,3,1995,0,1999
75,30,4,0,2,6,1990,0,1999
15,30,2,3,1,12,1986,0,1999
60,30,4,0,2,12,1995,0,1999
20,30,2,3,1,9,1986,0,1999
70,1,1,3,2,12,1998,1,1999
15,30,4,3,2,3,1989,0,1999
65,30,0,3,1,3,1990,0,1999
15,30,0,3,2,12,1993,0,1999
15,1,3,9,1,12,1997,1,1999
70,30,0,3,2,12,1990,0,1999
35,30,2,9,1,12,1990,0,1999
90,1,4,0,2,12,1998,1,1999
75,-1,4,9,2,12,1984,2,1999
15,-1,0,3,2,9,1991,2,1999
15,-1,4,3,2,12,1989,2,1999
65,-1,0,9,1,9,1990,2,1999
0,-1,4,4,2,3,1989,2,1999
30,-1,4,9,1,0,1988,2,1999
70,-1,4,3,2,12,1986,2,1999
50,-1,3,3,2,12,1981,2,1999
25,-1,1,3,2,12,1994,2,1999
15,-1,0,3,2,12,1988,2,1999
20,30,4,3,1,12,1991,0,1999
25,9,2,3,1,9,1990,1,1999
15,30,2,3,1,12,1989,0,1999
65,20,4,0,2,3,1995,1,1999
5,20,0,3,2,12,1994,1,1999
15,30,2,0,1,9,1990,0,1999
20,30,4,0,1,9,1986,0,1999
0,30,4,0,2,12,1993,0,1999
20,30,4,0,1,3,1987,0,1999
20,30,4,0,1,12,1990,0,1999
75,30,0,9,2,12,1995,0,1999
10,30,4,0,1,3,1987,0,1999
75,30,0,3,2,6,1993,0,1999
5,30,0,3,2,3,1986,0,1999
20,30,3,0,1,12,1993,0,1999
30,30,3,3,1,9,1988,0,1999
40,30,3,3,1,9,1989,0,1999
20,30,4,9,1,12,2005,0,1999
45,1,3,9,2,9,1999,1,1999
20,30,4,0,1,3,1985,0,1999
15,30,3,0,1,6,1990,0,1999
60,20,2,0,2,9,1997,1,1999
15,30,3,0,2,12,1983,0,1999
25,30,4,0,1,9,1985,0,1999
20,30,2,3,1,3,1988,0,1999
15,20,3,0,1,6,1997,1,1999
45,30,3,0,2,9,1992,0,1999
65,2,4,3,2,3,1994,1,1999
35,30,3,3,2,12,1992,0,1999
45,2,1,3,2,3,1999,1,1999
35,2,3,0,1,12,1996,1,1999
25,2,1,3,1,9,1997,1,1999
45,30,4,0,1,9,1993,0,1999
45,30,4,3,2,3,1978,0,1999
20,30,4,3,2,12,1987,0,1999
30,1,4,3,1,12,1994,1,1999
20,30,4,0,1,12,1983,0,1999
15,30,0,3,2,12,1985,0,1999
15,30,3,0,1,3,1989,0,1999
15,30,4,0,1,6,1988,0,1999
25,30,4,0,1,9,1983,0,1999
55,1,3,0,2,6,1997,1,1999
10,1,2,3,2,12,1997,1,1999
40,20,4,9,2,3,1998,1,1999
15,30,3,0,1,12,1988,0,1999
50,30,3,3,1,12,1981,0,1999
30,30,4,0,1,9,1989,0,1999
10,30,1,0,1,6,1988,0,1999
80,30,4,3,2,3,1990,0,1999
70,-1,3,3,2,12,1987,2,1999
15,20,4,0,1,6,1995,1,1999
30,30,1,3,2,3,1985,0,1999
15,30,4,3,2,12,1989,0,1999
35,20,0,3,1,6,1997,1,1999
30,30,4,0,1,14,1993,0,1999
40,30,4,3,2,3,1986,0,1999
15,30,2,3,1,12,1991,0,1999
65,30,4,3,1,9,1990,0,1999
15,30,0,3,1,9,1989,0,1999
20,30,3,0,1,14,1993,0,1999
15,30,3,0,1,12,1990,0,1999
25,30,4,0,1,12,1984,0,1999
40,30,4,0,1,12,1986,0,1999
15,30,2,0,1,0,1988,0,1999
20,30,0,3,2,12,1994,0,1999
35,30,4,0,2,12,1993,0,1999
20,30,4,0,2,12,1985,0,1999
10,30,2,3,2,0,1988,0,1999
5,30,0,3,1,12,1991,0,1999
50,1,4,0,2,12,1997,1,1999
20,30,4,3,1,12,1991,0,1999
20,30,2,3,1,12,1992,0,1999
25,20,4,3,2,3,1996,1,1999
15,30,3,0,2,9,1981,0,1999
35,30,3,0,1,12,1976,0,1999
15,30,3,0,1,12,1994,0,1999
20,30,3,0,1,12,1992,0,1999
20,30,4,9,1,9,1992,0,1999
15,30,3,3,1,12,1979,0,1999
25,30,1,0,1,0,1991,0,1999
15,30,4,3,2,9,1995,0,1999
0,30,4,4,2,3,1991,0,1999
20,30,4,0,1,12,1986,0,1999
0,30,0,4,2,12,1992,0,1999
15,30,2,0,2,12,1965,0,1999
75,30,1,3,2,3,1990,0,1999
15,30,4,0,1,0,1989,0,1999
40,30,3,0,2,12,1992,0,2000
10,30,3,3,1,9,1993,0,2000
20,30,3,3,1,3,1991,0,2000
10,30,3,3,1,6,1991,0,2000
40,20,3,3,1,9,1999,1,2000
25,30,4,3,2,12,1995,0,2000
15,30,4,0,2,0,1985,0,2000
75,30,4,0,2,12,1994,0,2000
15,20,4,3,1,13,1999,1,2000
15,30,4,0,2,6,1989,0,2000
35,30,2,9,1,3,1990,0,2000
50,1,2,3,2,3,2001,1,2000
40,20,3,3,2,6,2000,1,2000
65,20,0,3,2,12,1993,1,2000
15,30,2,9,1,9,1988,0,2000
25,30,4,0,1,0,1991,0,2000
55,30,4,0,2,14,1991,0,2000
55,30,4,0,2,3,1988,0,2000
45,30,2,3,2,12,1983,0,2000
10,20,0,3,1,12,1995,1,2000
15,1,4,3,2,3,1995,1,2000
45,30,4,9,1,12,1991,0,2000
20,20,4,0,1,3,1996,1,2000
15,30,4,3,2,12,1984,0,2000
30,30,4,3,1,0,1993,0,2000
40,30,4,0,2,12,1982,0,2000
10,30,0,3,1,12,1989,0,2000
10,30,2,3,1,9,1990,0,2000
15,30,2,3,2,3,1993,0,2000
10,30,4,3,2,12,1989,0,2000
45,20,0,3,1,12,1999,1,2000
20,30,4,3,2,9,1987,0,2000
25,20,0,3,2,12,1998,1,2000
30,1,1,3,1,12,2000,1,2000
15,9,1,9,2,12,1999,1,2000
60,30,4,3,2,12,1994,0,2000
20,30,4,3,2,12,1993,0,2000
30,30,4,3,2,3,1987,0,2000
50,30,3,3,2,3,1989,0,2000
90,30,0,3,2,3,1991,0,2000
25,20,2,3,2,6,1998,1,2000
25,20,4,0,2,0,1998,1,2000
55,20,2,3,2,6,2000,1,2000
55,20,4,0,2,3,1997,1,2000
25,30,4,0,1,0,1981,0,2000
35,30,4,0,1,12,1987,0,2000
20,1,3,0,1,12,1994,1,2000
20,30,2,3,1,12,1999,0,2000
15,30,2,0,1,12,1979,0,2000
35,1,2,3,1,9,1994,1,2000
25,1,3,0,2,3,1999,1,2000
50,30,3,3,2,12,1993,0,2000
20,1,3,0,2,3,1995,1,2000
25,1,0,3,2,3,1997,1,2000
5,1,0,3,1,12,1993,1,2000
30,1,0,3,1,9,2000,1,2000
30,30,4,0,1,9,1988,0,2000
10,30,4,3,2,12,1992,0,2000
80,30,4,0,1,9,1993,0,2000
15,30,4,0,1,12,1993,0,2000
15,1,1,3,1,3,1998,1,2000
80,30,4,3,1,12,1988,0,2000
15,30,4,0,1,3,1988,0,2000
75,30,4,3,1,3,1993,0,2000
30,20,4,0,2,3,1999,1,2000
15,1,2,3,2,12,1994,1,2000
30,1,4,0,1,3,1994,1,2000
70,30,3,3,2,3,1980,0,2000
35,20,2,0,1,0,1999,1,2000
30,1,4,0,1,12,1997,1,2000
5,30,1,3,1,12,1991,0,2000
10,20,3,9,2,0,1997,1,2000
15,30,2,3,1,6,1988,0,2000
20,30,0,3,2,12,1992,0,2000
5,1,4,0,1,12,1996,1,2000
40,1,1,3,2,3,1998,1,2000
40,1,4,3,2,12,1995,1,2000
15,30,2,9,1,6,1989,0,2000
10,1,3,3,1,3,1996,1,2000
35,30,2,9,2,12,1988,0,2000
15,1,2,3,2,3,1996,1,2000
55,1,2,3,2,9,1999,1,2000
30,20,2,3,1,12,1997,1,2000
60,20,2,3,2,9,2000,1,2000
45,30,2,3,2,12,1993,0,2000
10,30,3,3,1,0,1999,0,2000
20,1,4,0,1,12,1999,1,2000
35,20,0,3,2,3,1995,1,2000
30,30,1,0,2,0,1993,0,2000
50,30,4,3,1,6,1993,0,2000
20,30,4,9,2,12,1979,0,2000
40,30,2,3,2,12,1991,0,2000
20,30,4,0,2,12,1992,0,2000
40,30,4,0,2,0,1996,0,2000
25,30,4,3,1,6,1990,0,2000
30,20,4,3,2,3,1995,1,2000
65,30,4,3,1,12,1990,0,2000
25,30,4,0,2,12,1990,0,2000
75,1,4,0,2,12,1995,1,2000
10,20,4,3,1,3,1997,1,2000
40,1,4,3,2,3,1997,1,2000
40,30,4,0,1,12,1987,0,2000
5,30,4,0,2,9,1991,0,2000
50,30,4,3,2,3,1990,0,2000
55,1,3,3,2,3,2000,1,2000
50,30,4,3,2,9,1986,0,2000
35,30,2,3,1,0,1992,0,2000
20,30,1,9,1,9,1982,0,2000
45,30,4,3,2,12,1994,0,2000
15,20,0,9,1,12,1999,1,2000
40,20,3,0,1,12,1990,1,2000
30,30,0,3,1,12,1992,0,2000
20,30,4,3,2,3,1988,0,2000
10,30,4,3,2,9,1988,0,2000
30,2,4,3,1,3,1995,1,2000
25,30,3,0,1,9,1990,0,2000
15,30,3,3,1,12,1988,0,2000
75,30,2,3,2,12,1988,0,2000
55,20,4,0,1,12,2000,1,2000
35,20,4,0,1,9,1998,1,2000
65,30,3,9,1,12,1984,0,2000
25,30,2,3,2,3,1989,0,2000
85,30,4,3,2,12,1996,0,2000
40,30,4,3,2,12,1988,0,2000
20,1,4,3,2,12,1999,1,2000
60,1,4,9,1,3,1998,1,2000
55,20,3,3,1,0,1998,1,2000
40,1,1,3,2,9,2000,1,2000
25,30,2,9,1,12,1984,0,2000
60,30,2,3,1,12,1990,0,2000
15,30,4,0,2,3,1987,0,2000
75,30,4,0,2,6,1991,0,2000
85,1,4,3,2,3,1999,1,2000
35,30,4,3,2,9,1990,0,2000
65,30,0,3,2,6,1995,0,2000
60,30,2,0,1,12,1995,0,2000
30,30,4,0,2,9,1996,0,2000
15,30,0,3,1,12,1994,0,2000
20,30,0,3,2,12,1996,0,2000
60,1,4,3,1,3,1998,1,2000
35,20,3,3,1,9,1994,1,2000
10,30,2,0,2,12,1989,0,2000
65,30,3,3,2,12,1995,0,2000
20,1,4,0,1,12,1996,1,2000
15,30,2,0,2,9,1977,0,2000
25,30,1,3,1,12,1992,0,2000
20,20,3,0,1,12,2000,1,2000
70,30,4,0,1,9,1990,0,2000
55,30,4,3,2,6,1992,0,2000
15,30,3,0,2,12,1989,0,2000
35,30,4,0,2,12,1987,0,2000
35,30,4,0,2,9,1985,0,2000
30,20,0,3,2,3,1996,1,2000
80,30,4,3,1,12,1990,0,2000
80,30,0,3,2,12,1997,0,2000
40,30,3,0,1,6,1991,0,2000
55,20,3,0,2,0,1996,1,2000
55,30,4,0,1,3,1990,0,2000
75,30,4,3,2,9,1989,0,2000
20,1,3,3,1,12,1997,1,2000
50,20,2,0,2,12,1997,1,2000
55,30,0,3,2,12,1992,0,2000
15,20,2,3,1,12,1995,1,2000
15,1,3,3,2,12,2000,1,2000
20,1,2,3,2,12,1997,1,2000
15,1,4,3,2,12,1995,1,2000
15,30,3,0,2,12,1989,0,2000
90,20,3,3,2,9,1994,1,2000
20,30,3,3,1,9,1990,0,2000
75,20,2,3,2,12,1995,1,2000
30,20,4,0,2,12,1998,1,2000
15,30,3,0,1,13,1987,0,2000
20,30,3,3,2,6,1988,0,2000
85,20,4,0,1,6,1997,1,2000
15,1,1,3,1,3,1999,1,2000
30,30,4,3,1,12,1989,0,2000
75,1,4,3,2,9,1999,1,2000
60,1,1,3,2,12,2000,1,2000
0,30,4,4,1,9,1993,0,2000
70,30,4,3,2,12,1989,0,2000
55,1,0,3,2,12,1997,1,2000
15,1,1,3,2,12,1996,1,2000
30,30,2,3,1,9,1990,0,2000
15,1,4,0,2,3,1995,1,2000
25,30,0,3,1,9,1992,0,2000
10,30,1,9,1,3,1991,0,2000
30,30,0,3,2,12,1987,0,2000
15,20,4,0,2,3,1995,1,2000
15,30,4,9,2,3,1992,0,2000
40,30,0,3,2,12,1992,0,2000
10,1,4,3,1,12,1993,1,2000
85,30,4,0,2,3,1991,0,2000
15,20,2,3,1,9,1993,1,2000
20,30,3,3,1,3,1985,0,2000
15,30,4,3,2,3,1988,0,2000
70,20,0,3,2,12,1995,1,2000
25,30,4,0,1,6,1991,0,2000
15,30,4,0,1,12,1987,0,2000
40,30,3,3,2,9,1995,0,2000
35,30,2,0,2,12,1977,0,2000
30,1,4,0,1,9,1999,1,2000
35,30,0,3,1,12,1991,0,2000
25,30,4,0,2,12,1992,0,2000
30,9,2,3,2,3,1995,1,2000
20,30,1,9,2,9,1990,0,2000
30,30,0,0,1,12,1989,0,2000
10,9,2,0,1,9,1992,1,2000
35,30,2,3,1,6,1995,0,2000
90,30,3,0,1,12,1990,0,2000
30,1,3,3,2,12,1997,1,2000
15,30,1,3,2,6,1990,0,2000
20,1,3,3,1,12,1994,1,2000
45,30,3,3,1,6,1990,0,2000
25,-1,4,0,2,0,2000,2,2000
15,30,4,0,1,0,1991,0,2000
20,30,1,0,1,12,1984,0,2000
80,20,4,3,2,3,1998,1,2000
60,20,2,3,1,9,1995,1,2000
5,30,3,3,1,12,1996,0,2000
35,20,3,0,2,12,1994,1,2000
35,30,0,3,2,12,1982,0,2000
15,20,4,3,2,3,1999,1,2000
15,1,4,3,2,12,1999,1,2000
90,1,4,3,2,12,1996,1,2000
15,30,3,3,1,3,1993,0,2000
35,20,1,3,1,6,1996,1,2000
15,30,0,3,2,3,1990,0,2000
60,20,2,3,2,6,1999,1,2000
0,30,1,3,1,0,1996,0,2000
15,-1,1,9,1,12,1997,2,2000
25,20,4,0,1,0,1998,1,2000
25,20,4,0,1,6,1997,1,2000
20,20,0,3,1,14,1998,1,2000
15,30,4,3,2,12,1993,0,2000
35,20,0,3,2,12,1994,1,2000
15,1,3,0,2,0,1998,1,2000
30,30,4,3,1,12,1990,0,2000
30,30,4,3,2,12,1985,0,2000
50,30,2,0,1,0,1984,0,2000
20,1,4,0,1,9,1998,1,2000
15,30,4,0,2,3,1978,0,2000
20,1,3,3,1,12,1999,1,2000
15,20,0,3,2,12,1997,1,2000
15,1,2,3,1,3,1997,1,2000
20,1,3,3,2,12,2000,1,2000
50,30,3,3,2,6,1985,0,2000
50,30,3,0,2,12,1989,0,2000
30,-1,3,3,1,0,2000,2,2000
70,20,0,3,2,12,2000,1,2000
15,30,2,0,1,12,1990,0,2000
10,20,1,3,2,12,1998,1,2000
35,30,4,0,2,12,1990,0,2000
15,20,4,0,1,12,1995,1,2000
30,-1,3,3,2,12,1999,2,2000
25,20,3,0,2,3,1996,1,2000
15,30,4,0,1,12,1984,0,2000
30,20,4,0,2,12,1998,1,2000
15,30,3,3,1,9,1986,0,2000
45,1,3,3,2,12,1998,1,2000
85,20,1,3,1,9,1999,1,2000
15,30,1,3,1,12,1990,0,2000
20,30,4,0,1,12,1998,1,2000
60,1,3,3,2,12,1995,1,2000
50,30,1,3,2,9,1993,0,2000
50,1,0,3,2,12,2000,1,2000
25,-1,3,3,1,3,1986,2,2000
25,20,0,3,2,6,1997,1,2000
30,20,0,3,2,12,1999,1,2000
30,30,4,0,1,12,1984,0,2001
25,30,0,3,2,12,1989,0,2001
25,20,4,3,2,3,1997,1,2001
50,30,0,3,2,3,1995,0,2001
20,20,4,0,2,12,1994,1,2001
55,1,3,3,1,12,1991,1,2001
55,20,3,3,2,0,2002,1,2001
45,1,4,3,2,14,1999,1,2001
20,20,0,3,1,12,1999,1,2001
5,30,2,9,2,6,1989,0,2001
20,30,4,9,1,3,1987,0,2001
25,1,0,0,1,12,2000,1,2001
0,30,1,3,1,0,1979,0,2001
70,30,3,0,1,12,1992,0,2001
50,20,4,3,1,12,1997,1,2001
20,30,2,0,1,12,1993,0,2001
30,20,0,3,2,12,1998,1,2001
55,20,3,3,2,6,2000,1,2001
15,30,0,3,1,12,1994,0,2001
50,30,4,0,2,12,1987,0,2001
45,20,2,3,1,12,1997,1,2001
10,1,3,0,1,3,1996,1,2001
80,20,4,3,1,12,1995,1,2001
25,30,4,3,1,12,1989,0,2001
20,20,3,3,2,0,1995,1,2001
50,20,4,3,2,3,1996,1,2001
20,20,4,3,1,6,1994,1,2001
25,30,0,3,2,12,1971,0,2001
10,1,3,3,2,12,2000,1,2001
25,30,4,3,1,3,1982,0,2001
15,30,3,0,1,12,1986,0,2001
20,30,4,0,2,0,1994,0,2001
20,20,2,3,1,12,2000,1,2001
15,20,1,3,1,6,1995,1,2001
15,1,3,3,1,12,2001,1,2001
20,20,0,3,2,12,2001,1,2001
15,30,2,3,2,12,1986,0,2001
20,20,0,3,1,6,1995,1,2001
20,30,2,3,1,12,1990,0,2001
15,30,4,9,1,6,1994,0,2001
15,1,1,9,1,12,1993,1,2001
45,30,1,3,2,6,1985,0,2001
35,30,4,0,2,12,1987,0,2001
75,20,0,3,1,12,2002,1,2001
75,20,2,3,2,12,1991,1,2001
25,1,4,9,2,9,1994,1,2001
15,30,3,3,2,12,1989,0,2001
5,30,2,3,1,12,1990,0,2001
30,1,4,3,2,12,1997,1,2001
20,1,4,0,1,14,2000,1,2001
15,1,1,3,2,12,1996,1,2001
15,1,4,0,2,12,1995,1,2001
10,20,4,0,2,12,1992,1,2001
20,30,4,3,1,12,1984,0,2001
70,30,4,0,2,12,1990,0,2001
20,1,2,0,1,3,1998,1,2001
55,20,0,3,2,6,2001,1,2001
25,30,3,3,1,3,1989,0,2001
55,1,1,3,1,12,1999,1,2001
80,30,4,0,2,3,1980,0,2001
25,30,4,0,1,0,1992,0,2001
15,1,3,3,2,12,2000,1,2001
55,30,4,3,2,3,1992,0,2001
65,1,3,3,2,3,1999,1,2001
15,20,4,0,1,3,1998,1,2001
25,1,1,3,1,12,1998,1,2001
5,30,0,3,1,6,1992,0,2001
10,30,2,0,1,3,1986,0,2001
40,1,0,3,2,12,1999,1,2001
40,1,4,0,1,6,2001,1,2001
65,30,3,3,2,3,1985,0,2001
20,1,4,0,1,12,2002,1,2001
75,1,4,3,2,3,2001,1,2001
15,1,4,0,2,3,1993,1,2001
15,20,0,3,1,3,2000,1,2001
45,30,4,3,2,6,1995,0,2001
70,30,2,3,2,12,1985,0,2001
10,30,2,3,2,12,1993,0,2001
20,1,2,3,1,12,1999,1,2001
15,30,4,0,1,3,1991,0,2001
55,30,1,3,2,3,1994,0,2001
45,30,0,3,1,12,1988,0,2001
15,1,2,0,1,12,1997,1,2001
35,1,2,3,2,12,1996,1,2001
15,30,0,3,2,12,1979,0,2001
15,20,3,3,1,6,1999,1,2001
20,1,2,3,2,12,1999,1,2001
25,30,2,0,1,6,1979,0,2001
15,30,4,3,2,12,1992,0,2001
60,1,2,3,2,12,2001,1,2001
20,-1,4,0,1,0,1998,2,2001
45,30,4,3,2,9,1992,0,2001
45,30,3,3,2,9,1981,0,2001
40,-1,3,0,2,12,1995,2,2001
20,20,4,3,1,9,1998,1,2001
40,30,3,0,1,0,1989,0,2001
80,30,4,3,2,3,1991,0,2001
20,1,2,0,1,3,2000,1,2001
80,20,4,3,1,9,1997,1,2001
45,20,0,3,2,9,2001,1,2001
15,1,3,3,2,3,1998,1,2001
15,30,4,0,1,0,1986,0,2001
55,30,1,3,2,12,1993,0,2001
10,30,1,3,2,12,1992,0,2001
50,30,2,3,1,9,1984,0,2001
15,30,3,0,2,12,1989,0,2001
85,20,4,3,2,12,1998,1,2001
15,30,2,3,1,3,1989,0,2001
20,30,3,3,2,9,1989,0,2001
30,30,2,0,1,12,1986,0,2001
15,30,2,0,1,9,1986,0,2001
20,30,4,0,1,3,1983,0,2001
20,30,4,0,1,3,1987,0,2001
15,30,3,0,1,0,1986,0,2001
85,30,4,0,2,12,1991,0,2001
15,30,0,3,1,12,1989,0,2001
15,30,1,9,1,12,1997,0,2001
5,20,2,3,2,3,1995,1,2001
30,30,0,3,1,9,1989,0,2001
15,30,0,3,2,12,1994,0,2001
40,30,4,3,2,3,1994,0,2001
30,-1,1,0,2,3,1996,2,2001
40,30,0,3,2,3,1990,0,2001
20,2,3,3,1,9,1992,1,2001
15,20,1,3,1,12,2000,1,2001
70,20,3,3,2,12,1992,1,2001
30,30,3,0,1,12,1984,0,2001
45,20,4,0,2,0,1998,1,2001
75,1,3,0,2,12,1989,1,2001
35,30,4,3,1,3,1993,0,2001
50,1,1,3,2,9,1997,1,2001
40,30,4,3,2,3,1986,0,2001
75,20,4,3,1,9,1999,1,2001
35,30,4,0,1,3,1990,0,2001
85,30,0,3,1,9,1987,0,2001
35,1,4,0,1,3,1995,1,2001
20,20,2,0,1,9,1989,1,2001
20,1,4,3,1,3,1999,1,2001
15,30,3,0,2,12,1990,0,2001
10,1,1,3,2,12,1998,1,2001
45,30,3,0,1,9,1987,0,2001
40,30,0,3,1,12,1993,0,2001
25,30,3,3,2,9,2001,0,2001
40,30,1,3,1,12,1993,0,2001
65,30,4,0,2,12,1992,0,2001
5,20,0,3,2,12,1998,1,2001
20,1,3,0,1,12,1999,1,2001
15,30,2,3,1,0,1987,0,2001
50,30,4,0,2,12,1986,0,2001
25,30,2,0,1,9,1991,0,2001
60,30,2,9,1,3,1994,0,2001
45,30,2,3,1,12,1994,0,2001
15,30,1,0,2,12,1996,0,2001
80,20,3,0,1,9,1997,1,2001
20,30,4,0,1,3,1986,0,2001
25,1,1,3,1,12,1997,1,2001
20,30,0,3,1,12,1992,0,2001
10,20,0,3,1,0,1995,1,2001
35,30,4,0,1,6,1984,0,2001
50,20,2,3,2,12,2001,1,2001
40,30,4,0,2,3,1987,0,2001
20,30,1,3,1,9,1994,0,2001
35,30,3,3,2,9,1988,0,2001
20,20,2,3,2,12,2001,1,2001
60,20,0,3,2,9,1995,1,2001
15,30,4,0,1,3,1991,0,2001
10,30,4,3,1,6,1990,0,2001
15,1,2,3,2,12,1997,1,2001
30,30,0,3,1,12,1992,0,2001
15,1,3,3,1,9,1998,1,2001
20,30,2,9,1,6,1988,0,2001
50,1,2,0,1,12,1994,1,2001
15,1,3,0,1,12,1996,1,2001
20,1,2,3,1,3,1997,1,2001
20,30,3,0,2,9,1987,0,2001
25,1,2,3,2,12,1998,1,2001
75,30,3,0,2,9,2000,0,2001
15,1,1,3,2,12,2001,1,2001
50,30,2,3,2,12,1986,0,2001
25,30,4,0,2,12,1990,0,2001
20,30,2,3,1,9,1994,0,2001
45,1,3,9,1,6,1996,1,2001
15,1,3,3,2,12,1994,1,2001
20,30,3,9,1,6,1993,0,2001
25,30,4,0,1,3,1996,0,2001
15,30,0,3,1,12,1994,0,2001
15,30,3,0,1,9,1989,0,2001
15,20,3,0,2,9,1997,1,2001
55,30,0,3,2,6,1989,0,2001
10,30,4,0,1,12,1995,0,2001
25,1,4,0,2,3,1997,1,2001
30,30,3,3,1,3,1986,0,2001
20,30,1,0,1,9,1992,0,2001
15,30,2,3,2,6,1986,0,2001
35,30,4,3,1,9,1990,0,2001
15,2,2,0,1,12,2001,1,2001
65,1,2,3,2,6,2000,1,2001
80,20,4,0,1,3,1999,1,2001
40,20,2,0,2,9,1993,1,2001
20,30,3,3,2,12,1992,0,2001
20,30,3,3,1,9,1993,0,2001
40,30,0,3,2,3,1996,0,2001
30,1,3,3,1,9,1997,1,2001
10,30,4,0,1,12,1990,0,2001
15,30,4,0,2,9,1992,0,2001
75,1,3,3,2,9,1998,1,2001
75,1,3,3,2,9,1997,1,2001
25,20,3,3,2,6,2002,1,2001
55,30,0,9,1,3,1986,0,2001
20,30,4,0,1,12,1988,0,2001
15,20,2,0,2,0,1996,1,2001
30,30,0,3,2,3,1998,0,2001
65,30,4,3,2,3,1989,0,2001
85,30,2,3,1,6,1993,0,2001
45,30,2,3,2,12,1984,0,2001
15,30,2,3,1,12,1998,0,2001
45,30,2,3,2,9,1996,0,2001
15,-1,4,0,2,9,1988,2,2001
55,30,2,3,2,9,1997,0,2001
15,-1,3,0,1,12,1996,2,2001
70,30,4,3,1,0,2000,0,2001
85,30,4,3,2,12,1989,0,2001
30,30,4,9,2,12,1987,0,2001
30,20,4,9,1,12,1995,1,2001
15,20,3,0,2,12,2000,1,2001
20,20,2,0,1,9,1999,1,2001
20,1,4,0,2,12,1997,1,2001
40,30,4,0,1,12,1982,0,2001
40,20,1,3,1,6,1995,1,2001
15,20,3,3,1,9,2000,1,2001
15,30,2,3,2,12,1991,0,2001
65,30,3,3,2,6,1993,0,2001
30,30,4,0,1,0,1996,0,2001
15,30,0,0,2,6,1979,0,2001
75,20,2,3,1,0,1999,1,2001
35,30,0,3,2,12,1994,0,2001
20,30,1,3,1,12,1991,0,2001
45,1,0,3,2,12,1997,1,2001
0,1,2,4,1,12,1997,1,2001
15,1,4,0,2,0,2001,1,2001
45,30,3,3,2,12,1983,0,2001
25,20,1,0,1,0,1996,1,2001
35,30,4,0,1,6,1988,0,2001
25,30,4,0,1,12,1991,0,2001
15,30,0,3,1,12,1989,0,2001
20,30,2,3,2,0,1990,0,2001
15,20,3,3,2,9,1998,1,2001
45,-1,0,3,2,12,2001,2,2001
25,-1,4,0,1,0,2000,2,2001
20,30,2,3,1,0,1989,0,2001
15,30,3,3,2,12,1993,0,2001
25,30,4,3,2,12,1986,0,2001
35,30,4,0,2,3,1984,0,2001
10,30,3,3,1,12,1980,0,2001
10,30,1,3,2,9,1991,0,2001
15,20,4,0,1,0,2000,1,2001
15,30,0,3,2,12,1990,0,2001
50,20,3,0,2,9,2000,1,2001
10,20,0,3,2,12,1995,1,2001
35,30,4,3,2,12,1987,0,2001
35,30,2,3,1,9,1985,0,2001
20,1,1,3,1,9,1996,1,2001
20,30,2,3,1,9,1992,0,2001
25,30,3,9,1,9,1993,0,2001
80,30,4,3,2,12,1988,0,2001
20,20,1,3,1,0,2001,1,2001
65,9,3,3,1,12,2000,1,2002
45,30,3,3,1,9,1997,0,2002
45,1,3,3,1,12,2002,1,2002
80,20,3,3,1,6,2000,1,2002
75,20,4,3,2,3,1994,1,2002
35,20,3,3,2,9,1997,1,2002
75,30,4,3,2,3,1991,0,2002
35,20,2,9,2,3,1999,1,2002
65,20,4,0,1,6,1995,1,2002
20,20,4,0,1,12,1995,1,2002
10,1,3,0,1,13,1997,1,2002
45,30,0,3,1,0,1994,0,2002
25,30,4,0,1,12,1991,0,2002
50,30,1,3,2,12,1993,0,2002
20,30,1,3,1,9,1988,0,2002
20,20,3,3,1,9,1999,1,2002
40,20,4,3,1,6,1999,1,2002
30,20,0,3,2,12,1999,1,2002
10,30,0,3,1,12,1993,0,2002
30,30,2,3,2,12,1990,0,2002
40,30,2,3,2,12,1991,0,2002
15,30,2,3,2,12,1968,0,2002
30,20,0,3,1,6,2000,1,2002
20,30,4,0,1,12,1988,0,2002
85,20,0,3,2,12,1998,1,2002
30,30,4,3,1,12,1990,0,2002
25,1,4,3,2,14,2000,1,2002
40,1,4,9,1,12,1998,1,2002
85,1,4,3,2,9,2002,1,2002
35,30,0,3,2,3,1985,0,2002
30,1,4,0,2,0,1996,1,2002
70,1,4,3,2,12,2000,1,2002
40,30,3,3,2,6,1993,0,2002
30,30,4,0,1,12,1988,0,2002
60,20,3,0,1,6,1996,1,2002
45,30,0,9,1,9,1993,0,2002
15,30,2,9,1,6,1993,0,2002
25,1,3,3,1,12,2001,1,2002
50,-1,0,9,1,6,1999,2,2002
50,30,4,9,2,12,1991,0,2002
55,20,3,3,2,9,2002,1,2002
45,30,4,0,2,3,1995,0,2002
40,30,0,3,1,12,1999,0,2002
25,1,1,3,2,3,1997,1,2002
5,30,0,0,1,6,1969,0,2002
20,1,1,0,1,12,1999,1,2002
65,20,0,3,1,3,1995,1,2002
45,30,2,3,1,12,1993,0,2002
20,1,4,0,1,12,1996,1,2002
50,1,2,3,2,9,2002,1,2002
15,1,4,0,2,9,1998,1,2002
20,1,0,0,1,6,2002,1,2002
95,1,4,3,1,12,1999,1,2002
30,20,3,3,2,9,2001,1,2002
75,1,4,3,1,9,1995,1,2002
40,30,0,3,2,6,1988,0,2002
15,20,1,3,1,12,2000,1,2002
25,1,4,3,1,6,1997,1,2002
85,20,2,3,1,9,2002,1,2002
20,1,1,0,1,9,2000,1,2002
25,30,4,0,1,9,1993,0,2002
20,30,4,3,2,3,1989,0,2002
80,30,4,3,2,3,1991,0,2002
40,1,2,3,2,12,2001,1,2002
15,1,0,3,2,12,1998,1,2002
20,20,3,3,1,6,1992,1,2002
50,30,3,3,2,12,1996,0,2002
20,30,0,3,1,12,1989,0,2002
20,20,4,0,1,9,2001,1,2002
45,1,1,3,1,9,1996,1,2002
20,1,3,9,1,9,1992,1,2002
15,1,3,3,1,6,1995,1,2002
15,30,4,9,1,3,1994,0,2002
40,20,4,0,2,12,1985,1,2002
60,9,3,3,2,9,2002,1,2002
30,-1,3,3,2,3,1995,2,2002
40,30,3,0,2,12,1989,0,2002
75,20,3,3,2,12,1995,1,2002
15,30,3,0,2,9,1993,0,2002
60,20,3,9,2,12,1999,1,2002
25,1,3,3,1,12,1996,1,2002
75,1,4,3,2,9,1997,1,2002
85,30,4,3,2,12,1988,0,2002
15,20,3,3,1,9,1995,1,2002
35,20,0,3,2,9,1999,1,2002
10,20,0,3,1,9,2002,1,2002
45,20,3,9,2,12,2000,1,2002
50,1,1,3,2,12,2000,1,2002
75,1,0,3,2,6,2002,1,2002
35,1,2,3,2,12,1998,1,2002
65,20,2,3,2,12,1997,1,2002
15,30,2,3,2,12,1990,0,2002
20,1,3,3,2,12,1999,1,2002
15,30,4,0,1,12,1988,0,2002
25,20,1,3,2,6,1998,1,2002
20,30,1,3,1,12,1995,0,2002
90,30,4,3,2,12,2000,0,2002
80,1,4,3,2,3,1995,1,2002
50,30,3,3,2,6,1991,0,2002
40,1,3,3,2,12,2000,1,2002
60,1,2,3,2,12,1999,1,2002
15,20,0,3,2,9,1992,1,2002
55,1,4,3,1,12,1999,1,2002
20,1,2,0,2,6,1997,1,2002
15,30,2,0,1,0,1988,0,2002
30,30,4,3,2,3,1988,0,2002
20,30,4,0,1,12,1992,0,2002
35,1,2,3,1,12,1996,1,2002
30,2,4,3,1,6,1994,1,2002
20,20,4,9,1,6,1994,1,2002
50,30,4,3,2,12,1994,0,2002
50,20,1,3,2,6,1997,1,2002
35,20,2,3,1,14,2002,1,2002
25,30,4,9,1,12,1988,0,2002
30,1,4,9,2,12,2002,1,2002
25,20,3,3,1,12,1995,1,2002
10,-1,2,3,2,12,2001,2,2002
0,1,2,4,2,3,2000,1,2002
10,-1,0,3,1,9,1998,2,2002
35,1,2,3,2,12,1999,1,2002
65,30,4,3,2,12,1984,0,2002
20,30,0,3,1,0,1990,0,2002
25,30,2,3,2,12,1988,0,2002
10,1,2,3,1,9,1995,1,2002
50,1,4,3,1,6,1998,1,2002
60,9,2,3,2,12,2001,1,2002
85,30,4,3,2,3,2002,0,2002
60,30,1,3,1,9,1999,0,2002
80,30,1,3,2,9,1990,0,2002
25,30,4,0,1,12,1996,0,2002
80,30,4,0,2,12,1990,0,2002
35,30,3,0,1,13,2003,0,2002
15,30,2,0,1,6,1988,0,2002
45,30,3,0,2,12,1990,0,2002
70,30,4,0,1,9,1991,0,2002
15,20,3,0,2,3,1996,1,2002
20,20,3,0,2,6,1998,1,2002
75,1,0,3,2,12,2000,1,2002
15,30,3,0,2,12,1977,0,2002
25,30,3,0,1,12,1989,0,2002
0,30,0,0,1,0,1991,0,2002
50,30,4,3,2,3,1994,0,2002
30,30,4,0,1,12,1990,0,2002
20,30,2,3,1,6,1999,0,2002
50,20,4,3,1,3,1993,1,2002
50,20,3,3,2,3,2001,1,2002
25,20,2,0,2,12,1995,1,2002
40,30,2,9,2,3,1988,0,2002
15,1,2,3,1,12,1996,1,2002
20,30,2,3,1,6,1990,0,2002
30,20,3,0,1,12,1993,1,2002
20,30,3,3,1,12,1993,0,2002
25,20,4,0,1,0,1999,1,2002
15,20,2,3,2,12,1999,1,2002
15,30,1,3,2,3,1997,0,2002
55,30,0,3,1,6,1993,0,2002
80,1,4,3,2,12,1999,1,2002
0,30,2,3,1,3,1990,0,2002
80,30,3,0,2,6,1992,0,2002
20,1,0,3,2,3,2000,1,2002
15,1,4,3,1,13,1995,1,2002
15,30,4,0,1,12,1994,0,2002
95,30,4,0,2,12,1988,0,2002
15,30,3,0,2,9,1990,0,2002
5,30,2,3,1,12,1998,0,2002
30,30,3,0,2,9,1990,0,2002
55,1,3,3,2,9,1997,1,2002
80,30,3,3,2,3,1992,0,2002
55,2,2,3,2,6,2003,1,2002
70,20,4,0,1,3,1997,1,2002
20,1,2,3,1,12,1997,1,2002
15,20,0,3,1,12,2002,1,2002
30,20,4,3,2,3,2000,1,2002
30,1,4,3,2,9,1998,1,2002
15,30,3,0,1,12,1992,0,2002
45,30,2,3,2,12,1985,0,2002
35,30,4,0,1,0,1976,0,2002
35,30,3,0,2,12,1990,0,2002
10,30,2,3,1,9,1992,0,2002
15,30,4,3,2,3,1992,0,2002
65,30,1,3,1,12,1992,0,2002
15,30,3,0,2,12,1986,0,2002
20,1,4,3,1,3,1998,1,2002
25,30,4,0,1,3,1991,0,2002
35,1,2,9,2,12,1996,1,2002
0,30,3,3,2,9,1986,0,2002
20,1,1,3,2,9,2003,1,2002
35,-1,4,3,1,12,1992,2,2002
70,30,3,0,2,12,1999,0,2002
20,-1,0,0,1,9,2000,2,2002
45,30,3,3,2,9,1989,0,2002
25,30,4,0,2,9,1987,0,2002
25,1,3,3,2,12,1997,1,2002
15,30,2,0,2,9,1995,0,2002
20,1,3,3,1,0,1997,1,2002
35,30,2,3,1,9,1979,0,2002
30,20,2,3,1,6,1995,1,2002
35,30,3,3,2,6,1995,0,2002
15,30,3,3,2,6,1990,0,2002
20,20,0,3,1,12,1996,1,2002
10,30,4,0,1,3,1986,0,2002
35,30,2,0,1,12,1989,0,2002
30,20,4,3,1,3,1994,1,2002
30,1,3,3,1,12,2000,1,2002
35,1,3,0,1,12,2001,1,2002
40,20,4,3,2,3,1998,1,2002
80,20,4,3,2,12,1995,1,2002
15,30,2,3,1,6,1993,0,2002
85,1,3,3,2,12,1995,1,2002
20,20,1,3,2,12,2002,1,2002
15,1,2,3,1,0,1995,1,2002
25,30,3,3,1,12,1991,0,2002
50,20,4,3,1,0,1998,1,2002
15,20,2,3,1,6,1995,1,2002
20,1,3,3,1,12,1995,1,2002
15,30,2,9,2,12,1986,0,2002
15,1,4,3,2,12,2000,1,2002
15,30,2,3,1,0,1992,0,2002
15,20,2,3,2,12,2002,1,2002
35,20,4,0,2,12,1999,1,2002
80,1,4,3,2,12,1998,1,2002
35,1,3,3,2,9,2000,1,2002
15,20,0,3,1,12,1999,1,2002
45,-1,3,3,1,0,2000,2,2002
55,-1,2,3,2,12,2002,2,2002
15,20,3,3,2,12,2001,1,2002
45,20,3,3,1,9,1997,1,2002
25,30,4,3,1,12,1993,0,2002
15,1,2,0,2,12,1998,1,2002
25,30,2,3,1,9,1991,0,2002
15,30,1,3,1,12,1988,0,2002
20,30,4,9,1,6,1989,0,2002
25,1,4,0,1,3,1998,1,2002
85,30,3,3,2,12,1989,0,2002
15,20,0,3,2,12,1994,1,2002
15,30,4,0,1,9,1989,0,2002
30,30,2,0,1,9,1993,0,2002
65,1,4,3,2,12,2000,1,2002
50,30,4,9,2,3,1989,0,2003
70,20,1,3,2,9,1995,1,2003
25,1,4,0,2,12,1995,1,2003
80,30,0,0,1,6,1994,0,2003
25,30,4,3,1,12,1988,0,2003
10,30,1,0,1,0,1979,0,2003
25,20,3,3,1,6,1996,1,2003
65,1,3,3,2,12,1997,1,2003
20,30,3,3,1,3,1988,0,2003
25,1,4,3,1,12,2000,1,2003
30,30,4,3,2,3,1987,0,2003
30,9,3,3,1,12,1999,1,2003
10,20,4,3,2,3,1998,1,2003
15,30,4,0,1,14,1989,0,2003
15,30,4,3,1,3,1992,0,2003
20,20,1,3,2,12,2001,1,2003
15,20,4,3,1,3,1998,1,2003
5,20,4,9,1,9,1996,1,2003
20,20,3,9,2,0,2002,1,2003
10,20,2,9,1,9,1994,1,2003
15,30,4,3,1,12,1990,0,2003
25,20,0,3,2,6,1996,1,2003
20,1,4,3,1,12,2000,1,2003
40,20,4,0,1,12,1994,1,2003
15,20,2,3,1,12,2003,1,2003
80,20,4,9,2,3,1998,1,2003
50,20,0,3,2,6,1996,1,2003
15,30,0,3,1,9,1987,0,2003
65,20,4,0,2,9,2002,1,2003
15,30,2,3,1,0,1995,0,2003
25,20,0,3,2,12,1996,1,2003
15,30,2,3,1,12,1992,0,2003
10,20,1,3,2,12,2001,1,2003
5,20,2,3,1,9,1997,1,2003
70,30,4,9,1,14,1990,0,2003
25,20,1,3,2,12,1993,1,2003
10,30,4,9,2,3,1991,0,2003
35,30,2,3,1,6,1986,0,2003
25,20,2,3,1,12,2002,1,2003
15,20,4,3,1,0,1998,1,2003
60,30,1,3,2,12,1989,0,2003
70,1,1,9,2,3,2001,1,2003
40,20,1,3,2,9,2000,1,2003
40,20,4,0,1,3,2002,1,2003
25,1,0,9,1,12,1995,1,2003
35,20,0,3,2,6,2000,1,2003
45,20,3,3,2,0,2004,1,2003
20,30,2,3,1,9,1978,0,2003
50,20,1,3,2,9,1995,1,2003
85,1,1,0,2,3,2002,1,2003
15,1,2,0,1,12,1999,1,2003
20,20,2,0,1,6,2002,1,2003
90,20,0,3,2,6,1997,1,2003
10,1,2,3,2,6,2000,1,2003
75,1,4,3,2,12,1997,1,2003
25,30,3,0,1,12,1989,0,2003
50,30,2,3,1,12,1991,0,2003
50,20,4,3,1,3,2001,1,2003
85,30,4,0,1,12,1987,0,2003
15,30,4,0,1,3,1990,0,2003
15,1,3,3,1,9,2001,1,2003
75,30,3,3,2,3,1989,0,2003
70,20,4,0,1,3,2001,1,2003
15,30,0,3,2,3,1992,0,2003
5,30,3,9,2,12,1992,0,2003
70,20,4,3,2,3,2003,1,2003
30,20,3,0,1,0,2002,1,2003
20,30,3,0,2,12,1986,0,2003
45,20,3,3,2,9,2002,1,2003
55,30,0,3,2,6,1996,0,2003
45,1,4,0,2,12,2003,1,2003
70,20,4,3,1,3,1997,1,2003
65,20,4,3,2,12,2001,1,2003
0,30,0,3,2,9,2002,0,2003
40,30,0,0,2,3,1995,0,2003
50,30,3,0,1,12,1983,0,2003
30,20,4,0,1,3,1998,1,2003
15,30,4,0,2,9,2000,0,2003
25,20,4,0,1,6,1996,1,2003
75,30,0,3,2,12,1990,0,2003
35,30,0,3,2,6,1992,0,2003
20,30,4,3,1,12,1989,0,2003
75,30,4,3,2,3,1993,0,2003
25,30,0,3,1,12,1996,0,2003
35,20,2,3,2,12,1992,1,2003
25,20,0,3,1,3,1996,1,2003
50,20,2,3,2,14,2000,1,2003
70,1,4,3,1,12,2001,1,2003
35,30,1,9,2,9,1990,0,2003
10,30,4,3,1,13,1991,0,2003
25,30,4,0,1,9,1996,0,2003
50,1,2,3,2,12,2004,1,2003
45,20,1,3,2,9,2000,1,2003
20,30,3,0,1,0,1991,0,2003
15,30,3,0,1,0,1985,0,2003
55,20,4,0,2,0,1997,1,2003
50,20,0,3,2,12,2003,1,2003
25,30,4,0,1,3,1996,0,2003
65,1,4,9,1,12,2000,1,2003
20,30,4,3,1,3,1991,0,2003
15,20,3,9,2,9,1999,1,2003
65,30,4,3,2,12,1992,0,2003
55,30,1,3,2,12,1991,0,2003
10,30,3,3,2,6,1981,0,2003
15,30,1,3,2,12,2003,0,2003
35,20,0,3,2,3,1999,1,2003
30,-1,0,3,2,0,2002,2,2003
75,30,1,3,2,9,1988,0,2003
50,1,0,0,1,9,1997,1,2003
10,30,1,0,1,9,1983,0,2003
50,20,1,3,2,3,2002,1,2003
20,30,4,0,1,12,1991,0,2003
40,20,4,0,1,12,1991,1,2003
45,20,4,0,1,6,2000,1,2003
20,30,2,3,1,0,1995,0,2003
20,20,2,0,2,9,2000,1,2003
85,20,4,3,1,3,2003,1,2003
25,1,0,3,2,6,1998,1,2003
40,20,1,0,1,6,2003,1,2003
20,20,4,0,1,6,1997,1,2003
0,30,3,3,2,6,1994,0,2003
40,1,3,3,1,12,2002,1,2003
15,20,3,0,2,0,2000,1,2003
15,30,1,3,2,12,1999,0,2003
15,1,4,0,1,3,1996,1,2003
10,1,1,3,2,9,2002,1,2003
30,20,4,0,1,3,2000,1,2003
20,30,3,0,1,12,1991,0,2003
20,1,4,0,1,12,1999,1,2003
25,1,1,3,2,12,2002,1,2003
15,1,4,0,2,12,2000,1,2003
60,1,4,3,2,12,1999,1,2003
20,20,0,3,1,12,1994,1,2003
15,20,4,3,1,3,1995,1,2003
15,20,3,0,2,0,1995,1,2003
15,30,1,0,1,12,1993,0,2003
80,30,3,3,2,12,1996,0,2003
10,30,4,0,1,12,1992,0,2003
15,30,4,0,1,12,1990,0,2003
15,1,3,3,2,12,1997,1,2003
80,1,2,3,1,3,2000,1,2003
15,30,3,3,2,0,1992,0,2003
30,20,0,3,1,9,2003,1,2003
20,20,4,3,1,0,1998,1,2003
85,20,1,3,2,3,1998,1,2003
55,30,4,3,2,3,1993,0,2003
40,20,0,3,2,6,2002,1,2003
10,1,0,3,2,12,2004,1,2003
50,30,4,3,1,6,1992,0,2003
20,30,4,0,1,12,1994,0,2003
20,20,4,0,2,0,1997,1,2003
15,30,4,0,2,0,1960,0,2003
25,30,3,3,2,6,1988,0,2003
70,30,4,0,2,3,1993,0,2003
40,20,0,3,2,12,2002,1,2003
15,20,0,3,2,9,2001,1,2003
20,30,4,3,1,12,1990,0,2003
45,30,3,3,1,6,1994,0,2003
15,1,2,3,1,12,1999,1,2003
25,30,0,3,2,12,1990,0,2003
25,20,3,3,1,3,1997,1,2003
30,30,3,0,1,9,1991,0,2003
25,30,3,0,2,9,1983,0,2003
75,1,4,3,2,12,1998,1,2003
75,1,3,3,2,12,2002,1,2003
65,1,4,3,2,3,1996,1,2003
25,20,0,3,1,12,1999,1,2003
20,30,4,3,1,12,1992,0,2003
20,1,4,3,1,6,1999,1,2003
40,1,4,0,2,3,1997,1,2003
25,30,4,0,2,9,1986,0,2003
15,1,3,3,1,9,1995,1,2003
70,30,3,0,2,9,1990,0,2003
45,30,0,3,2,9,1996,0,2003
15,20,2,3,2,9,2002,1,2003
15,1,4,9,2,3,1997,1,2003
25,20,4,0,2,0,2001,1,2003
10,1,4,3,1,3,1993,1,2003
40,1,4,3,1,3,2001,1,2003
15,1,4,0,2,3,1996,1,2003
20,1,2,3,2,12,1997,1,2003
5,20,2,3,1,12,1994,1,2003
80,30,4,0,2,12,1991,0,2003
15,1,2,3,1,12,1990,1,2003
15,30,0,3,2,12,1987,0,2003
25,30,2,3,1,9,1985,0,2003
15,30,4,3,1,3,1991,0,2003
20,30,2,9,1,9,2002,0,2003
45,20,0,3,2,3,2000,1,2003
35,1,4,0,1,3,1987,1,2003
80,30,4,3,2,3,1991,0,2003
15,1,1,3,1,3,2000,1,2003
50,30,1,3,2,6,1995,0,2003
25,-1,0,9,1,0,2000,2,2003
85,1,4,9,2,9,1995,1,2003
10,1,3,3,2,12,2000,1,2003
80,1,4,3,2,12,1998,1,2003
75,30,3,3,2,9,1993,0,2003
40,1,1,3,2,6,2002,1,2003
15,30,0,9,2,9,1991,0,2003
0,30,3,4,1,9,1985,0,2003
15,1,3,0,1,9,2001,1,2003
0,1,4,9,2,3,1996,1,2003
5,1,1,3,1,9,1995,1,2003
50,20,4,3,1,3,1998,1,2003
15,30,3,0,1,12,1998,0,2003
15,1,2,3,1,12,2003,1,2003
20,30,2,3,1,12,1991,0,2003
15,30,0,3,2,12,1990,0,2003
15,30,4,0,1,12,1991,0,2003
55,30,4,0,2,12,1990,0,2003
90,20,3,3,2,12,1998,1,2003
15,20,3,0,1,0,1997,1,2003
35,30,4,3,1,3,1987,0,2003
45,1,3,3,1,12,2000,1,2003
15,-1,0,0,1,9,1998,2,2003
30,30,4,0,1,9,1986,0,2003
5,30,2,0,1,12,1992,0,2003
85,-1,3,3,2,9,1994,2,2003
20,-1,4,0,1,13,1996,2,2003
25,30,4,0,1,3,1991,0,2003
40,30,3,0,2,12,1996,0,2003
30,20,2,3,1,12,1996,1,2003
35,30,2,3,2,12,1999,0,2003
15,30,1,3,1,0,1998,0,2003
20,1,3,3,1,14,1994,1,2003
15,1,2,3,1,12,1996,1,2003
15,30,4,9,1,14,1992,0,2003
15,1,4,3,1,12,1996,1,2003
20,30,3,0,2,9,1989,0,2003
25,30,4,9,2,3,1994,0,2003
20,30,2,3,2,12,1992,0,2003
20,30,4,9,1,6,1988,0,2003
65,30,3,3,2,12,1993,0,2003
30,1,3,3,2,6,1994,1,2003
70,20,0,3,2,6,1996,1,2003
60,20,3,9,1,9,2002,1,2003
35,1,4,0,1,12,1996,1,2003
50,1,4,3,2,12,2000,1,2003
60,1,4,0,1,3,1997,1,2003
15,30,3,3,1,12,1987,0,2004
10,1,4,0,2,12,1996,1,2004
20,20,0,3,2,6,2002,1,2004
60,30,3,3,2,12,1993,0,2004
15,30,3,3,1,9,1995,0,2004
80,20,4,3,1,3,2000,1,2004
35,30,0,9,1,6,1993,0,2004
45,20,0,3,1,12,2001,1,2004
15,1,2,3,1,9,2001,1,2004
65,30,4,3,2,0,1994,0,2004
20,20,2,3,1,9,2002,1,2004
15,20,2,0,1,12,1993,1,2004
15,20,2,3,2,6,1995,1,2004
15,30,3,0,2,6,1985,0,2004
30,20,3,0,1,14,1996,1,2004
20,20,4,0,1,3,2001,1,2004
10,30,3,9,1,12,1999,0,2004
30,20,1,3,2,6,2003,1,2004
25,20,0,3,1,12,1989,1,2004
35,-1,2,3,1,6,1994,2,2004
50,30,2,3,2,9,1993,0,2004
15,1,1,3,1,9,1999,1,2004
25,20,0,3,1,12,1989,1,2004
20,30,4,9,2,3,1985,0,2004
20,20,3,3,2,9,2000,1,2004
15,30,4,0,1,14,1991,0,2004
15,20,2,3,1,12,2000,1,2004
15,20,4,3,1,3,2000,1,2004
20,30,0,9,1,12,1985,0,2004
55,20,0,3,2,12,2001,1,2004
15,9,4,3,2,6,1997,1,2004
20,30,4,3,1,12,1995,0,2004
40,1,2,3,2,12,2001,1,2004
50,30,3,3,2,12,1986,0,2004
30,30,1,3,2,12,1986,0,2004
40,20,4,3,1,13,2004,1,2004
30,1,4,3,2,12,2002,1,2004
10,30,1,3,2,12,1992,0,2004
20,30,4,0,2,14,1987,0,2004
35,1,3,3,2,9,1996,1,2004
10,30,3,0,2,12,1974,0,2004
15,30,0,3,1,9,1989,0,2004
20,30,2,3,2,3,1991,0,2004
30,30,3,9,1,9,1991,0,2004
15,1,4,3,1,14,1995,1,2004
10,20,0,3,2,12,2000,1,2004
10,30,0,9,1,9,1993,0,2004
5,20,0,9,2,12,1997,1,2004
15,1,4,3,2,12,2003,1,2004
40,1,4,0,2,3,2002,1,2004
15,1,2,9,1,12,1999,1,2004
25,20,0,3,1,6,2000,1,2004
5,30,1,3,1,12,1990,0,2004
45,30,4,3,2,6,1989,0,2004
20,30,4,0,2,12,1990,0,2004
45,20,0,0,2,6,1995,1,2004
30,1,3,3,2,12,2000,1,2004
0,30,2,9,2,12,2001,0,2004
15,30,4,0,1,0,1985,0,2004
70,1,4,3,2,12,2003,1,2004
30,20,4,3,1,3,1999,1,2004
40,1,2,3,1,6,2003,1,2004
45,1,4,3,2,3,2004,1,2004
20,20,4,0,1,14,2003,1,2004
55,1,4,3,2,12,2002,1,2004
70,1,4,0,2,3,2001,1,2004
15,1,3,3,1,12,2010,1,2004
5,20,4,0,2,0,2000,1,2004
80,1,2,3,2,12,1997,1,2004
55,20,4,0,2,6,2003,1,2004
70,20,4,0,2,9,2003,1,2004
30,30,4,0,1,12,1993,0,2004
15,1,2,0,1,0,1996,1,2004
35,30,0,3,1,6,1999,0,2004
25,1,3,0,2,0,1996,1,2004
55,1,2,3,2,6,2001,1,2004
15,20,1,3,1,12,2003,1,2004
30,30,4,9,1,12,1990,0,2004
10,30,1,3,2,9,1989,0,2004
70,30,4,3,1,9,1993,0,2004
20,30,3,3,2,6,1986,0,2004
15,-1,4,0,2,3,1998,2,2004
15,1,4,0,2,3,1995,1,2004
20,20,3,3,2,12,2004,1,2004
20,20,0,0,1,3,1998,1,2004
55,20,4,3,2,6,2001,1,2004
20,30,4,9,2,6,1991,0,2004
20,1,4,0,1,12,1997,1,2004
50,30,4,0,2,9,1989,0,2004
10,1,2,3,2,12,2004,1,2004
70,20,4,3,1,3,2002,1,2004
40,20,4,3,1,6,2001,1,2004
55,20,2,3,1,6,2001,1,2004
85,1,1,3,1,12,1996,1,2004
10,20,4,0,1,9,1996,1,2004
10,30,4,3,1,12,1988,0,2004
20,30,4,0,2,3,1990,0,2004
75,30,3,9,2,9,1989,0,2004
80,20,2,3,2,3,2002,1,2004
30,30,0,3,2,12,1967,0,2004
5,30,2,0,1,0,1992,0,2004
70,30,0,3,2,9,1979,0,2004
15,1,4,0,2,12,1995,1,2004
10,1,3,3,1,12,2001,1,2004
35,20,4,0,2,3,1996,1,2004
25,30,0,3,1,12,1994,0,2004
20,1,3,0,1,12,1996,1,2004
20,20,0,3,2,12,2003,1,2004
20,1,3,3,1,12,2001,1,2004
25,20,0,3,1,12,2000,1,2004
45,20,3,3,2,9,1993,1,2004
15,1,3,0,1,12,2004,1,2004
5,20,0,3,2,14,2003,1,2004
5,20,0,9,1,12,1985,1,2004
20,20,3,0,1,12,1997,1,2004
15,1,4,3,1,12,1995,1,2004
15,1,4,3,2,3,1999,1,2004
20,30,4,3,1,12,1993,0,2004
20,20,2,3,1,12,1999,1,2004
20,30,4,0,2,9,1989,0,2004
15,30,4,3,1,3,1990,0,2004
40,30,1,3,1,0,1987,0,2004
40,20,4,0,2,12,1997,1,2004
60,20,3,0,2,12,2002,1,2004
20,30,4,9,1,3,1994,0,2004
5,-1,4,3,1,3,1997,2,2004
30,30,3,3,2,9,1989,0,2004
25,1,4,3,2,6,1999,1,2004
60,1,4,3,2,12,1995,1,2004
25,1,3,3,1,3,1996,1,2004
15,20,0,3,1,6,1999,1,2004
5,20,0,3,2,12,2001,1,2004
15,30,3,0,2,12,1998,0,2004
10,30,2,0,2,12,1994,0,2004
65,30,4,3,2,9,1986,0,2004
15,30,3,3,1,3,1992,0,2004
15,30,4,3,1,12,2000,0,2004
50,30,0,3,1,12,1998,0,2004
30,30,4,0,2,12,1993,0,2004
40,30,4,0,2,13,1992,0,2004
20,20,0,0,1,3,1995,1,2004
15,1,3,0,1,12,1998,1,2004
15,1,3,0,2,9,1999,1,2004
85,1,4,3,2,12,2000,1,2004
25,20,3,0,1,12,2003,1,2004
15,30,4,0,1,6,1994,0,2004
20,1,4,0,2,0,2002,1,2004
50,1,1,3,1,9,2000,1,2004
20,20,0,3,2,3,2001,1,2004
15,20,4,0,1,12,2001,1,2004
75,20,3,3,2,9,2003,1,2004
60,20,3,3,1,9,2003,1,2004
40,20,0,3,1,9,2000,1,2004
20,30,4,0,2,12,1988,0,2004
20,-1,1,9,1,12,1998,2,2004
20,20,2,3,1,6,1999,1,2004
85,30,4,3,2,12,1991,0,2004
35,20,4,0,2,0,2002,1,2004
15,30,3,3,1,3,1990,0,2004
75,20,3,3,2,12,2002,1,2004
55,20,2,3,2,9,1999,1,2004
60,20,4,3,2,3,2002,1,2004
20,20,4,3,2,3,1995,1,2004
10,20,0,3,2,12,2001,1,2004
45,20,2,3,2,12,1995,1,2004
20,1,2,3,2,12,1995,1,2004
35,1,4,0,2,12,1997,1,2004
10,30,1,3,2,3,1993,0,2004
20,30,1,3,2,12,1980,0,2004
25,30,3,0,1,9,1986,0,2004
10,1,3,3,1,9,1995,1,2004
30,-1,4,3,1,3,1988,2,2004
15,-1,0,3,1,12,1995,2,2004
25,20,3,3,2,9,2002,1,2004
15,20,0,3,1,14,1996,1,2004
50,20,3,3,2,6,2000,1,2004
55,30,2,9,2,3,1994,0,2004
10,20,3,0,2,0,2002,1,2004
10,1,3,3,1,12,1997,1,2004
25,30,4,0,1,3,1991,0,2004
20,30,4,0,1,3,1995,0,2004
60,20,0,3,2,9,2001,1,2004
85,30,4,3,2,9,1994,0,2004
65,1,4,3,2,3,1999,1,2004
60,1,4,0,2,12,1998,1,2004
25,1,4,3,1,3,2004,1,2004
50,30,1,3,2,9,1996,0,2004
65,30,4,0,2,3,1994,0,2004
45,30,4,0,1,12,1989,0,2004
50,20,0,3,2,12,2004,1,2004
20,30,2,3,1,12,1994,0,2004
20,20,4,3,2,3,1999,1,2004
40,20,2,3,2,0,1997,1,2004
70,30,3,0,1,0,1995,0,2004
30,30,4,9,1,12,1990,0,2004
25,30,3,3,1,12,1990,0,2004
15,30,0,9,2,9,1987,0,2004
90,30,4,3,2,3,1994,0,2004
65,30,4,0,2,3,1992,0,2004
10,1,4,3,1,12,2003,1,2004
15,30,2,0,1,12,1990,0,2004
15,-1,2,3,1,6,1997,2,2004
25,30,2,0,2,12,1999,0,2004
15,1,0,3,1,6,1999,1,2004
75,20,1,3,2,6,2003,1,2004
15,20,3,0,1,0,1998,1,2004
20,30,4,0,1,3,1983,0,2004
80,1,4,3,2,12,1998,1,2004
10,30,1,3,1,9,1999,0,2004
5,1,3,3,2,12,2001,1,2004
25,30,4,3,1,9,1988,0,2004
40,9,3,3,2,0,1994,1,2004
35,30,4,0,1,3,1983,0,2004
30,9,4,3,1,9,1995,1,2004
45,9,4,0,1,9,2004,1,2004
40,20,0,3,2,12,1998,1,2004
15,30,2,3,1,12,1991,0,2004
30,30,4,0,1,12,1988,0,2004
70,1,4,3,2,3,1997,1,2004
40,30,4,0,1,12,2001,0,2004
75,1,2,3,1,12,1997,1,2004
55,20,2,3,2,0,2001,1,2004
20,1,3,3,1,12,2001,1,2004
85,20,2,3,2,9,2001,1,2004
25,1,0,3,2,12,2003,1,2004
5,20,3,9,1,12,2002,1,2004
25,1,4,0,2,6,1995,1,2004
15,30,4,3,1,12,1994,0,2004
15,20,3,3,1,6,1999,1,2004
15,1,2,0,2,12,1996,1,2004
40,1,1,3,1,12,2002,1,2004
20,20,2,3,2,12,1997,1,2004
20,20,0,0,1,12,2003,1,2004
45,30,2,3,1,0,1994,0,2004
20,1,3,0,1,9,1998,1,2004
20,1,4,3,2,3,1996,1,2004
40,1,4,3,1,3,2002,1,2004
40,20,2,3,1,6,1996,1,2004
5,30,4,3,2,3,1986,0,2004
25,1,4,3,1,0,1995,1,2004
20,30,2,3,2,9,1998,0,2004
20,-1,3,0,2,12,2001,2,2004
65,20,2,3,2,12,2000,1,2004
40,20,4,3,2,3,1993,1,2004
0,1,3,9,2,12,1999,1,2004
15,1,3,3,1,12,1991,1,2004
35,30,3,0,1,3,2003,0,2004
30,30,4,0,1,12,1986,0,2004
30,30,0,3,2,6,1988,0,2004
60,30,4,0,1,9,1989,0,2004
60,20,3,3,2,6,1999,1,2004
15,1,3,3,1,12,1993,1,2004
40,20,4,0,1,3,2001,1,2004
25,30,2,0,1,0,1987,0,2004
45,1,4,3,1,0,1996,1,2004
45,1,3,0,1,3,1993,1,2005
90,20,0,3,1,6,1998,1,2005
60,1,0,3,1,12,2000,1,2005
25,20,3,3,2,6,1992,1,2005
65,30,4,0,2,12,1993,0,2005
40,30,3,3,2,12,1994,0,2005
70,1,4,3,2,9,2003,1,2005
20,1,4,0,1,12,1998,1,2005
15,30,3,3,1,9,1993,0,2005
30,1,3,3,1,6,1999,1,2005
15,20,0,3,1,12,1997,1,2005
40,20,4,0,1,0,1996,1,2005
70,1,4,3,2,6,2000,1,2005
5,30,3,3,1,3,1996,0,2005
20,20,4,0,2,0,2005,1,2005
20,20,3,3,2,12,1995,1,2005
25,30,3,3,1,12,1990,0,2005
15,20,2,0,2,9,2000,1,2005
20,20,2,9,1,12,2002,1,2005
10,20,1,3,1,9,1997,1,2005
15,-1,1,3,1,12,1992,2,2005
75,20,1,3,2,9,2004,1,2005
15,30,3,3,2,9,1990,0,2005
15,30,1,3,2,3,1992,0,2005
30,1,4,0,1,12,2003,1,2005
20,1,3,3,2,9,2004,1,2005
15,1,2,3,1,12,1999,1,2005
45,30,2,0,1,12,1990,0,2005
20,20,3,3,2,12,2002,1,2005
70,30,1,3,2,3,1991,0,2005
25,20,4,3,1,0,1999,1,2005
10,30,0,3,2,12,1986,0,2005
10,20,0,9,1,9,2001,1,2005
35,20,4,3,1,13,2005,1,2005
50,20,0,9,2,9,2003,1,2005
10,30,3,3,1,9,1990,0,2005
70,1,4,3,1,3,1995,1,2005
65,20,4,3,2,3,2003,1,2005
25,30,0,3,1,6,2004,0,2005
25,30,0,3,1,12,1992,0,2005
70,30,4,3,2,3,1988,0,2005
25,20,0,3,1,9,2003,1,2005
25,20,0,3,2,6,2003,1,2005
65,20,3,3,2,0,1999,1,2005
30,20,0,9,2,9,1997,1,2005
15,20,4,0,2,6,1994,1,2005
75,1,1,3,2,12,1998,1,2005
5,30,4,0,2,0,1993,0,2005
25,20,4,3,1,0,2002,1,2005
35,1,2,3,1,9,2001,1,2005
85,30,4,3,2,6,1993,0,2005
65,20,0,3,2,12,2004,1,2005
75,1,1,3,2,12,1995,1,2005
20,20,2,3,2,0,2000,1,2005
10,20,3,3,1,13,1999,1,2005
10,9,4,0,1,12,1996,1,2005
25,30,4,0,2,12,1992,0,2005
20,9,3,3,2,3,2002,1,2005
15,1,4,3,2,6,1997,1,2005
25,20,3,3,1,9,2004,1,2005
20,30,4,3,2,12,1991,0,2005
20,20,1,0,1,3,1999,1,2005
15,20,2,3,2,6,1996,1,2005
45,20,3,0,2,12,2005,1,2005
20,1,2,0,1,9,1995,1,2005
55,9,3,3,2,12,1999,1,2005
15,20,0,0,1,6,2005,1,2005
20,9,2,3,2,12,1980,1,2005
20,1,4,0,2,0,2003,1,2005
5,20,0,3,2,12,2005,1,2005
45,30,4,0,1,3,1993,0,2005
25,1,2,9,2,3,1994,1,2005
15,20,0,9,1,12,1999,1,2005
55,1,4,0,1,12,1998,1,2005
30,30,1,3,2,12,1991,0,2005
40,30,2,0,1,0,1967,0,2005
65,20,4,0,2,6,1999,1,2005
25,1,2,3,2,3,2005,1,2005
15,20,2,3,1,12,1994,1,2005
15,-1,4,0,1,12,2004,2,2005
55,20,0,9,1,3,2005,1,2005
25,30,0,3,1,6,1993,0,2005
20,20,2,3,2,9,2001,1,2005
65,1,4,3,2,6,1994,1,2005
25,20,0,3,2,9,2003,1,2005
20,20,2,3,1,3,1998,1,2005
40,1,2,3,2,12,1993,1,2005
25,20,2,3,2,12,1999,1,2005
25,30,4,0,1,9,1993,0,2005
50,20,4,9,2,12,1997,1,2005
20,20,2,3,1,9,2000,1,2005
35,30,3,3,1,12,1991,0,2005
40,30,3,0,1,9,1984,0,2005
25,1,3,3,2,6,2003,1,2005
45,20,2,3,2,9,2002,1,2005
95,1,4,3,2,3,1999,1,2005
25,30,3,9,2,12,1992,0,2005
20,30,2,9,1,12,1990,0,2005
75,1,4,3,2,12,2003,1,2005
25,1,3,0,1,12,2001,1,2005
60,20,1,3,2,6,2000,1,2005
10,1,4,0,2,0,2004,1,2005
20,20,2,0,2,3,2004,1,2005
45,20,0,3,2,12,1999,1,2005
15,1,3,0,2,6,1999,1,2005
40,1,2,0,1,9,1995,1,2005
75,30,4,0,1,12,1979,0,2005
30,20,2,3,2,9,2005,1,2005
15,30,3,0,2,6,1976,0,2005
20,30,2,0,1,12,1990,0,2005
20,20,0,3,2,9,1998,1,2005
15,30,4,0,1,3,1995,0,2005
80,1,4,3,2,12,2003,1,2005
55,20,1,3,1,9,1995,1,2005
90,30,4,3,1,3,1987,0,2005
85,30,4,3,2,9,1992,0,2005
20,20,4,3,1,9,1993,1,2005
15,20,4,0,2,14,2002,1,2005
15,1,3,9,2,9,2000,1,2005
15,1,4,3,2,12,1998,1,2005
35,30,0,3,1,12,1994,0,2005
85,1,4,3,1,3,2000,1,2005
20,30,4,3,2,3,1993,0,2005
20,9,3,0,2,12,2000,1,2005
75,1,3,3,2,3,2002,1,2005
15,30,3,0,1,12,1992,0,2005
5,30,4,0,2,12,1996,0,2005
50,30,4,0,2,12,2001,0,2005
95,30,4,3,2,3,1996,0,2005
75,20,0,3,2,12,2001,1,2005
60,1,4,9,2,3,1992,1,2005
5,1,1,3,2,12,1996,1,2005
55,30,0,3,1,12,1997,0,2005
35,20,3,3,2,6,2005,1,2005
10,20,4,9,2,14,2004,1,2005
15,20,4,3,2,3,2003,1,2005
25,20,0,3,2,6,1995,1,2005
65,20,4,3,1,12,1996,1,2005
10,1,0,3,2,12,1995,1,2005
15,1,4,0,1,14,2003,1,2005
20,1,4,0,2,9,2003,1,2005
20,1,0,3,2,9,2004,1,2005
35,1,2,3,1,9,2001,1,2005
25,20,4,0,1,3,1990,1,2005
40,30,0,3,1,6,1992,0,2005
50,30,4,3,1,12,1990,0,2005
40,1,3,0,2,12,1998,1,2005
55,30,0,3,1,9,1992,0,2005
15,30,4,3,1,3,1994,0,2005
25,20,1,0,1,0,2001,1,2005
65,20,3,3,2,6,2002,1,2005
15,1,2,3,2,12,2000,1,2005
45,20,0,9,1,12,2005,1,2005
40,30,0,3,1,3,1994,0,2005
20,1,2,3,1,12,1997,1,2005
15,1,0,3,1,12,1998,1,2005
15,1,4,3,1,12,2000,1,2005
5,20,0,3,2,12,2004,1,2005
25,1,3,3,2,12,2001,1,2005
60,20,2,3,2,3,1992,1,2005
15,1,3,3,2,12,2000,1,2005
10,1,4,3,1,12,2002,1,2005
35,1,3,3,1,12,1993,1,2005
60,1,3,3,1,12,2003,1,2005
90,30,4,3,1,12,1988,0,2005
15,30,3,0,1,9,2004,0,2005
10,1,1,3,2,9,2005,1,2005
15,1,2,0,1,9,2002,1,2005
70,1,4,3,1,3,1998,1,2005
30,30,0,9,1,12,1987,0,2005
20,30,0,3,2,6,1991,0,2005
30,1,2,3,2,9,2001,1,2005
20,1,4,9,2,3,1993,1,2005
35,20,4,0,2,12,2001,1,2005
30,30,2,0,1,9,1999,0,2005
40,1,3,0,2,9,1998,1,2005
35,30,4,0,1,6,1998,0,2005
10,1,4,0,2,12,2002,1,2005
30,30,4,0,1,9,1988,0,2005
70,1,1,3,1,12,1996,1,2005
60,20,4,0,2,0,2001,1,2005
80,1,4,3,2,12,2004,1,2005
20,30,3,0,1,6,1994,0,2005
25,1,1,3,2,12,1996,1,2005
15,30,2,3,2,9,2002,0,2005
20,20,0,3,1,12,1993,1,2005
10,20,3,0,2,9,1999,1,2005
15,30,0,3,1,6,1993,0,2005
55,20,4,3,2,12,2002,1,2005
20,30,3,3,1,12,1990,0,2005
45,20,0,3,2,9,2000,1,2005
30,1,4,0,2,12,2001,1,2005
15,1,4,9,1,9,2000,1,2005
35,20,2,3,1,9,2000,1,2005
40,30,3,3,1,9,1992,0,2005
10,1,3,3,2,12,2001,1,2005
20,30,2,3,1,3,1983,0,2005
15,20,4,3,1,12,2000,1,2005
25,1,2,3,2,12,2001,1,2005
15,1,1,3,1,9,1997,1,2005
15,1,4,0,1,12,1998,1,2005
15,20,4,3,1,12,2001,1,2005
15,20,4,0,1,9,2003,1,2005
35,30,0,3,1,12,1984,0,2005
50,30,4,0,1,12,1990,0,2005
40,1,4,0,1,14,2002,1,2005
30,20,0,3,2,3,2006,1,2005
25,20,4,3,2,12,2005,1,2005
80,30,4,3,1,3,1994,0,2005
25,20,4,0,1,12,1999,1,2005
30,30,4,3,2,3,1995,0,2005
15,1,3,0,2,12,1990,1,2005
60,30,4,3,2,12,2004,0,2005
20,30,4,3,1,12,1993,0,2005
15,30,4,3,1,12,1993,0,2005
45,-1,1,3,1,6,2005,2,2005
40,30,3,3,1,0,1990,0,2005
15,30,4,9,2,9,1999,0,2005
15,1,2,0,1,9,1995,1,2005
20,1,1,3,2,12,2002,1,2005
90,1,4,0,2,9,2000,1,2005
45,30,0,0,1,12,1992,0,2005
45,20,3,0,2,9,2002,1,2005
45,30,2,9,2,9,1992,0,2005
15,1,4,3,2,12,2003,1,2005
25,20,1,3,2,6,2005,1,2005
25,30,1,0,1,12,1994,0,2005
75,1,4,0,2,3,2003,1,2005
15,20,2,0,1,12,2000,1,2005
10,-1,4,9,1,12,1996,2,2005
60,20,4,3,1,3,2001,1,2005
20,20,4,0,1,3,1996,1,2005
20,1,3,3,1,12,1999,1,2006
30,1,3,3,1,12,2001,1,2006
65,20,0,3,1,6,2005,1,2006
20,30,0,3,2,9,1989,0,2006
50,30,4,0,1,3,1988,0,2006
45,20,0,3,1,12,1995,1,2006
15,30,0,0,2,9,1992,0,2006
20,1,2,9,2,12,2000,1,2006
50,1,3,3,2,12,2006,1,2006
15,20,4,0,1,6,1998,1,2006
90,30,4,3,2,12,1994,0,2006
40,20,4,0,1,9,1993,1,2006
25,20,4,3,1,3,2000,1,2006
45,20,4,0,1,3,1995,1,2006
40,1,4,3,2,3,2004,1,2006
45,1,1,3,2,6,2001,1,2006
55,20,0,3,1,3,1996,1,2006
55,20,2,3,1,12,2003,1,2006
10,30,4,3,1,12,1992,0,2006
25,1,1,3,1,9,1999,1,2006
5,20,0,3,2,14,2003,1,2006
15,20,2,0,1,12,2005,1,2006
60,1,2,3,1,12,2001,1,2006
15,1,2,3,1,12,1999,1,2006
25,30,4,0,1,6,1986,0,2006
15,1,2,3,2,9,1997,1,2006
35,20,1,3,1,12,2004,1,2006
20,1,3,3,1,12,2000,1,2006
15,1,4,9,1,14,2001,1,2006
55,1,4,3,1,12,2005,1,2006
65,1,1,3,1,12,1999,1,2006
60,1,4,3,2,6,2009,1,2006
75,20,3,3,1,12,2003,1,2006
15,1,3,3,1,14,2001,1,2006
40,20,3,0,1,12,2004,1,2006
90,30,4,3,2,12,1995,0,2006
65,1,4,3,1,6,1998,1,2006
15,1,4,0,1,3,1995,1,2006
30,20,3,3,2,0,2005,1,2006
50,20,2,9,1,12,2005,1,2006
20,1,1,3,2,12,2004,1,2006
75,1,3,3,1,3,2006,1,2006
40,20,4,0,1,13,1999,1,2006
75,2,4,3,2,3,2000,1,2006
65,20,0,3,2,9,1998,1,2006
20,20,1,3,1,9,2000,1,2006
20,20,4,0,2,6,2001,1,2006
65,1,4,3,2,3,1997,1,2006
15,20,2,3,2,6,1997,1,2006
20,1,4,3,1,3,2001,1,2006
15,9,3,0,1,9,1998,1,2006
65,20,4,3,1,12,2007,1,2006
5,1,0,3,2,12,1997,1,2006
20,9,1,3,1,12,2003,1,2006
25,9,3,3,2,12,2006,1,2006
10,30,2,0,2,3,1991,0,2006
50,20,4,9,1,6,2006,1,2006
20,9,2,3,1,3,1996,1,2006
15,30,0,3,1,6,1988,0,2006
20,20,0,3,2,12,1996,1,2006
85,30,4,3,2,12,1985,0,2006
15,20,2,3,1,12,1998,1,2006
15,20,0,3,2,3,2005,1,2006
55,20,2,0,1,0,1993,1,2006
40,20,0,3,1,12,1998,1,2006
40,1,3,0,1,12,2005,1,2006
15,20,2,0,2,6,1999,1,2006
5,20,0,3,2,6,2003,1,2006
30,20,0,3,2,12,2003,1,2006
55,20,0,3,1,12,2000,1,2006
85,30,3,9,2,12,1992,0,2006
75,1,2,0,1,12,1997,1,2006
15,1,1,9,2,6,1990,1,2006
20,20,4,3,1,9,2000,1,2006
30,1,0,9,1,12,2001,1,2006
10,1,3,3,2,12,2001,1,2006
10,20,4,0,1,12,1991,1,2006
65,20,2,3,2,9,2005,1,2006
15,1,4,3,2,3,2003,1,2006
80,1,2,3,2,12,2005,1,2006
45,30,1,3,2,9,1990,0,2006
70,20,3,3,1,12,2001,1,2006
15,30,4,0,1,3,1991,0,2006
45,20,3,0,2,12,2003,1,2006
65,30,4,3,2,3,1984,0,2006
60,1,4,0,2,9,2003,1,2006
0,1,0,3,1,12,2000,1,2006
20,30,4,3,2,6,1993,0,2006
0,20,0,3,1,6,1995,1,2006
50,1,3,3,2,12,2005,1,2006
30,20,2,3,1,9,1999,1,2006
40,20,4,3,2,3,2000,1,2006
15,20,3,0,2,9,1994,1,2006
75,1,4,3,2,3,2003,1,2006
10,20,1,0,1,6,2005,1,2006
70,20,2,3,2,3,2000,1,2006
75,30,3,3,1,12,1987,0,2006
40,20,2,9,2,12,2000,1,2006
30,20,3,0,1,9,1998,1,2006
30,1,2,9,1,0,1996,1,2006
55,30,1,9,2,12,1992,0,2006
15,20,2,3,1,9,1997,1,2006
15,1,2,3,1,12,2000,1,2006
20,30,1,0,1,0,1992,0,2006
45,1,2,3,2,12,2005,1,2006
20,30,0,3,1,9,1997,0,2006
30,30,4,3,2,3,1988,0,2006
20,1,3,3,2,3,2001,1,2006
20,1,3,3,2,12,1999,1,2006
25,1,2,0,1,3,2006,1,2006
50,20,4,0,2,9,2002,1,2006
20,9,2,0,1,12,2000,1,2006
15,9,4,3,1,3,1996,1,2006
60,-1,4,3,2,3,1997,2,2006
30,20,4,0,1,3,1997,1,2006
15,1,3,0,1,12,2006,1,2006
25,1,4,3,2,6,1999,1,2006
45,1,0,0,1,12,1993,1,2006
20,1,4,0,1,12,2006,1,2006
15,20,4,0,2,12,1995,1,2006
25,-1,2,9,1,9,2002,2,2006
50,1,4,3,2,12,1999,1,2006
45,-1,3,3,2,9,1999,2,2006
15,-1,0,3,2,12,1996,2,2006
15,20,0,3,2,3,2002,1,2006
15,1,3,9,2,3,1998,1,2006
10,30,4,3,1,3,1992,0,2006
55,20,4,3,2,0,2001,1,2006
20,30,2,3,1,9,1997,0,2006
25,1,4,3,1,12,2003,1,2006
10,20,1,9,2,12,2003,1,2006
15,30,4,3,2,12,1994,0,2006
15,30,4,0,2,12,1994,0,2006
30,30,2,0,1,12,2002,0,2006
15,30,0,0,1,13,1997,0,2006
20,1,4,3,2,12,2001,1,2006
15,1,1,3,1,12,2003,1,2006
30,30,0,3,2,3,1992,0,2006
15,30,4,0,1,12,1993,0,2006
70,1,2,3,1,12,2003,1,2006
20,20,2,3,2,6,2004,1,2006
20,20,1,3,2,12,1996,1,2006
20,1,4,0,1,12,1999,1,2006
45,30,3,3,1,12,1993,0,2006
20,1,1,3,1,12,2002,1,2006
25,20,4,9,1,3,2005,1,2006
20,1,4,0,1,0,2003,1,2006
25,1,4,0,1,12,2003,1,2006
20,20,3,0,1,12,2001,1,2006
25,30,1,3,1,12,1994,0,2006
35,20,4,3,1,12,2001,1,2006
15,1,1,3,1,12,2004,1,2006
25,1,4,0,1,12,2006,1,2006
30,20,3,0,1,9,1999,1,2006
15,30,3,3,1,14,1991,0,2006
50,30,4,3,1,12,1998,0,2006
85,20,2,3,2,9,2003,1,2006
20,2,2,0,1,12,1996,1,2006
25,20,4,3,2,3,1995,1,2006
15,1,3,0,1,9,2002,1,2006
40,1,1,3,1,12,2006,1,2006
45,30,3,3,1,9,1984,0,2006
30,30,4,0,1,3,1990,0,2006
20,20,0,3,1,12,1999,1,2006
20,1,4,3,1,6,2000,1,2006
25,30,1,9,1,12,1995,0,2006
0,20,0,4,2,6,1997,1,2006
75,1,3,3,2,12,1999,1,2006
60,20,0,3,1,12,2005,1,2006
30,1,3,3,1,0,1999,1,2006
40,1,3,9,2,9,1996,1,2006
15,1,4,3,2,3,1993,1,2006
25,30,4,0,1,3,1989,0,2006
25,30,4,0,1,3,1993,0,2006
40,30,4,3,2,3,1993,0,2006
45,1,4,3,1,3,1998,1,2006
30,1,2,0,1,9,1992,1,2006
65,20,3,3,1,6,2006,1,2006
20,1,2,0,2,3,1999,1,2006
55,1,4,0,1,12,2001,1,2006
15,1,2,3,2,6,1999,1,2006
15,1,1,3,2,12,2003,1,2006
20,20,4,0,2,6,1999,1,2006
20,20,2,0,1,6,2000,1,2006
15,1,3,3,1,12,2000,1,2006
20,20,2,3,1,0,1997,1,2006
20,30,4,0,1,12,1997,0,2006
60,30,0,3,2,12,1990,0,2006
95,1,4,3,1,9,2005,1,2006
45,1,2,3,1,12,2001,1,2006
15,30,4,0,2,9,1986,0,2006
15,1,4,0,2,3,1999,1,2006
45,9,0,3,1,12,1998,1,2006
20,1,4,0,2,9,2006,1,2006
80,30,3,0,2,12,1989,0,2006
15,1,4,3,1,3,1997,1,2006
25,30,4,0,2,3,1987,0,2006
35,1,0,3,2,3,2000,1,2006
20,1,1,0,1,3,1996,1,2006
40,30,4,0,1,3,1991,0,2006
20,1,4,3,1,3,1994,1,2006
40,20,4,0,1,0,1998,1,2006
20,9,3,0,1,12,1998,1,2006
15,1,4,0,2,12,1999,1,2006
60,30,0,3,2,9,1994,0,2006
20,30,2,0,1,9,1989,0,2006
55,30,4,0,2,3,1995,0,2006
15,30,4,0,2,12,1991,0,2006
15,30,4,0,1,12,1993,1,2006
30,20,0,3,2,9,2002,1,2006
70,20,1,3,2,12,1997,1,2006
20,1,4,0,1,3,1996,1,2006
10,9,2,3,2,9,2006,1,2006
15,1,1,3,1,12,2005,1,2006
40,20,3,3,1,12,1995,1,2006
20,1,4,0,1,12,2004,1,2006
35,20,4,3,2,3,2004,1,2006
15,1,1,3,1,12,2003,1,2006
15,1,3,3,2,3,2003,1,2006
40,20,3,3,1,6,2003,1,2006
10,1,0,9,1,9,1999,1,2006
30,20,4,0,1,9,2004,1,2006
15,20,2,3,2,3,1995,1,2006
25,1,3,3,2,12,2001,1,2006
15,30,3,3,1,12,1990,0,2006
45,20,4,3,1,3,2000,1,2006
25,1,4,0,1,9,2000,1,2006
15,1,3,3,2,3,1998,1,2006
35,20,0,3,1,12,1999,1,2006
15,1,2,3,2,12,2005,1,2006
35,20,2,3,2,6,2001,1,2006
20,2,4,0,2,0,1999,1,2006
75,30,3,3,1,9,1996,0,2006
10,20,2,3,2,12,1992,1,2006
40,1,3,0,1,9,1999,1,2006
50,30,2,3,2,9,2001,0,2006
15,1,3,9,1,6,2005,1,2006
25,1,4,0,2,9,1995,1,2006
35,30,1,3,1,12,1996,0,2006
50,1,4,3,2,3,1999,1,2006
60,1,3,3,2,9,2002,1,2006
20,30,4,0,1,6,1999,0,2006
15,20,3,0,1,0,1999,1,2006
55,1,2,9,1,6,2006,1,2006
15,30,4,3,1,0,1996,0,2006
80,1,4,3,1,12,1995,1,2006
35,20,0,3,2,9,2005,1,2006
65,30,3,3,2,3,1991,0,2006
20,20,2,3,1,3,2003,1,2006
65,20,4,3,1,3,2000,1,2006
15,1,4,0,1,9,2001,1,2007
80,20,4,3,2,12,2005,1,2007
85,1,4,3,2,12,1993,1,2007
60,30,4,3,2,12,1997,0,2007
35,20,4,0,1,12,1995,1,2007
15,20,3,0,1,6,2006,1,2007
25,1,0,3,1,12,2002,1,2007
50,1,4,3,2,12,2006,1,2007
20,20,2,3,1,12,2006,1,2007
70,20,4,9,2,6,1998,1,2007
25,1,4,0,2,12,1995,1,2007
15,20,3,0,2,12,1998,1,2007
25,20,2,0,2,12,1995,1,2007
25,20,4,0,1,12,1997,1,2007
15,20,2,3,1,0,2001,1,2007
40,20,0,3,2,6,2003,1,2007
20,30,3,0,2,9,1992,0,2007
30,30,3,3,1,12,1991,0,2007
20,1,4,3,2,3,1999,1,2007
25,30,3,3,1,9,1987,0,2007
30,20,4,3,1,9,1996,1,2007
15,1,2,0,2,12,2003,1,2007
20,20,0,3,2,9,1996,1,2007
15,30,3,0,1,9,1989,0,2007
15,1,4,3,1,3,2005,1,2007
15,1,2,3,1,9,1998,1,2007
15,20,2,3,2,3,1992,1,2007
25,20,0,3,1,6,2002,1,2007
65,20,4,3,2,6,1998,1,2007
10,30,2,3,1,12,1992,0,2007
20,20,4,3,2,14,2002,1,2007
15,20,3,3,2,14,2005,1,2007
65,9,3,3,2,12,2008,1,2007
20,20,4,3,2,3,1994,1,2007
70,1,4,3,2,12,2002,1,2007
15,1,2,3,2,14,2002,1,2007
20,1,4,3,1,12,1995,1,2007
35,1,4,3,2,12,1993,1,2007
25,20,4,3,1,14,2005,1,2007
15,30,4,3,2,12,1990,0,2007
60,30,4,0,2,6,1993,0,2007
15,1,4,3,1,12,2006,1,2007
40,30,2,0,1,9,1989,0,2007
60,20,2,3,2,6,1993,1,2007
15,30,3,3,2,12,1972,0,2007
15,30,0,0,1,3,1996,0,2007
45,1,2,3,2,9,1997,1,2007
15,20,2,3,1,9,2007,1,2007
20,20,2,3,1,3,1999,1,2007
30,30,4,0,1,6,1997,0,2007
40,20,4,0,1,9,1995,1,2007
35,9,4,0,2,3,1997,1,2007
20,20,1,3,1,3,1999,1,2007
50,20,0,3,1,6,1996,1,2007
25,9,3,3,1,12,2002,1,2007
40,20,4,0,1,0,2001,1,2007
15,20,4,3,1,6,1998,1,2007
45,20,3,0,1,9,2001,1,2007
70,20,0,3,2,14,2002,1,2007
35,20,0,3,1,12,2006,1,2007
15,9,2,3,2,12,2003,1,2007
45,-1,0,3,2,12,2006,2,2007
20,20,0,3,2,14,1998,1,2007
45,20,4,3,2,6,1996,1,2007
20,20,4,0,1,0,1996,1,2007
20,20,3,3,1,12,1997,1,2007
25,9,1,3,2,12,1997,1,2007
15,30,4,0,1,3,1990,0,2007
20,20,0,3,1,12,1995,1,2007
50,20,1,3,1,12,2008,1,2007
20,1,4,0,2,3,2003,1,2007
20,30,3,3,2,6,1989,0,2007
35,1,4,0,2,9,1999,1,2007
55,30,4,3,2,6,2000,0,2007
30,20,1,3,1,6,2001,1,2007
50,1,4,0,2,0,2003,1,2007
55,20,1,3,2,12,2007,1,2007
15,20,4,0,2,3,2004,1,2007
15,1,4,9,1,9,2000,1,2007
15,20,0,9,2,6,2000,1,2007
35,1,1,3,2,12,2004,1,2007
15,1,2,3,2,9,1993,1,2007
30,20,2,3,1,3,2002,1,2007
45,30,2,0,2,9,1988,0,2007
20,20,4,0,2,9,1993,1,2007
15,1,2,3,1,12,2001,1,2007
20,20,0,3,1,12,2004,1,2007
25,30,3,3,1,12,1992,0,2007
20,30,0,3,2,12,1996,0,2007
70,20,2,3,2,12,1999,1,2007
25,20,4,0,1,12,2001,1,2007
40,20,4,0,2,0,2002,1,2007
45,20,4,0,2,13,2000,1,2007
25,30,3,3,2,9,2005,0,2007
5,1,2,3,2,9,1997,1,2007
15,1,2,0,2,9,1999,1,2007
75,1,4,3,2,3,1993,1,2007
35,30,4,0,1,12,1997,1,2007
20,20,3,0,2,12,1996,1,2007
20,1,2,0,1,12,2002,1,2007
65,20,2,3,1,12,2008,1,2007
15,20,4,0,2,9,2004,1,2007
30,9,1,3,2,9,2005,1,2007
20,9,2,0,2,6,1995,1,2007
20,30,2,3,1,12,1988,0,2007
15,20,0,3,2,12,1993,1,2007
30,1,2,3,1,12,2004,1,2007
5,-1,2,3,1,12,1995,2,2007
25,1,2,3,2,12,1993,1,2007
10,1,0,3,2,12,2002,1,2007
20,20,4,9,1,12,2002,1,2007
15,20,4,0,1,3,1993,1,2007
75,-1,1,3,2,9,2002,2,2007
35,1,4,0,1,3,1994,1,2007
15,30,4,0,1,12,1990,0,2007
20,20,0,3,1,12,1998,1,2007
80,1,4,9,1,9,1997,1,2007
20,20,0,3,1,12,2001,1,2007
10,20,2,3,2,12,2006,1,2007
25,1,4,0,2,3,1996,1,2007
60,20,2,3,1,12,2001,1,2007
50,1,3,3,2,6,2002,1,2007
50,1,0,3,2,9,2007,1,2007
25,1,3,3,2,3,1992,1,2007
15,30,4,3,2,3,1987,0,2007
30,30,2,3,1,12,1991,0,2007
10,30,3,0,2,13,2005,0,2007
15,30,2,3,1,12,1998,0,2007
45,30,0,3,2,3,1994,0,2007
30,9,4,0,1,3,1999,1,2007
20,30,2,0,2,3,1993,0,2007
80,20,2,3,2,6,2002,1,2007
80,30,4,0,1,12,1985,0,2007
65,20,3,0,2,9,1999,1,2007
20,30,3,0,2,12,1993,0,2007
30,20,2,9,1,12,2006,1,2007
25,20,2,0,1,6,2004,1,2007
15,9,2,0,1,6,2004,1,2007
15,1,3,0,1,0,1998,1,2007
15,30,1,9,2,12,1987,0,2007
20,30,3,3,2,6,1992,0,2007
15,1,4,0,1,3,2005,1,2007
15,30,2,3,2,12,1990,0,2007
20,20,1,3,1,12,2007,1,2007
40,9,2,0,1,9,2005,1,2007
25,20,2,3,1,12,1995,1,2007
15,1,4,0,1,12,2001,1,2007
35,1,4,3,1,6,1998,1,2007
30,30,0,3,1,12,2000,0,2007
25,30,3,3,2,0,1987,0,2007
40,20,3,0,2,14,1999,1,2007
30,1,1,3,2,12,2006,1,2007
80,1,4,3,1,3,2003,1,2007
20,1,3,3,1,12,2002,1,2007
65,1,3,3,2,12,2006,1,2007
25,30,0,3,1,9,2003,0,2007
20,20,1,3,1,12,2007,1,2007
55,20,0,3,1,6,2004,1,2007
5,20,4,0,2,12,1996,1,2007
70,1,4,3,2,12,2005,1,2007
20,20,4,3,1,0,2004,1,2007
80,1,4,3,1,9,2003,1,2007
50,30,4,0,2,12,1993,0,2007
20,1,3,3,2,9,1995,1,2007
10,20,2,3,1,12,1997,1,2007
25,30,2,3,2,12,1992,0,2007
20,20,0,3,2,9,2002,1,2007
80,1,4,3,2,12,2002,1,2007
55,20,4,3,1,9,1993,1,2007
60,1,2,3,2,12,2004,1,2007
55,1,3,9,2,12,1991,1,2007
20,20,0,3,2,12,2000,1,2007
40,20,0,3,2,12,2003,1,2007
70,2,4,0,2,12,2005,1,2007
20,20,1,3,1,12,2002,1,2007
10,20,2,3,1,12,2004,1,2007
20,1,3,3,2,9,2004,1,2007
50,1,3,3,1,12,1994,1,2007
25,1,3,3,1,6,1999,1,2007
55,20,0,3,1,3,2001,1,2007
25,20,2,3,2,0,1999,1,2007
45,1,0,3,1,12,2004,1,2007
20,1,4,3,1,9,1998,1,2007
5,30,1,3,1,12,1993,0,2007
30,20,4,3,1,3,1993,1,2007
50,1,2,3,2,12,2004,1,2007
15,20,4,3,2,6,2005,1,2007
15,2,2,0,1,12,2000,1,2007
15,30,4,9,2,9,1988,0,2007
25,30,2,3,1,3,2000,0,2007
10,9,2,3,2,12,2005,1,2007
25,30,0,3,1,9,2003,0,2007
25,1,4,0,2,3,1999,1,2007
10,1,4,0,1,3,2007,1,2007
20,1,3,0,2,12,1997,1,2007
40,30,2,3,1,12,1995,0,2007
40,20,4,0,1,14,2003,1,2007
45,1,3,3,2,12,1999,1,2007
55,9,4,3,2,12,2006,1,2007
30,30,1,3,1,12,1985,0,2007
30,20,1,9,1,9,1998,1,2007
25,20,0,3,2,12,1996,1,2007
20,9,3,0,1,9,1999,1,2007
15,20,2,0,1,0,2001,1,2007
70,20,1,3,1,12,2001,1,2007
45,1,4,0,1,12,2008,1,2007
15,20,0,3,2,12,2001,1,2007
35,30,2,3,1,12,1987,0,2007
15,20,3,0,1,3,1996,1,2007
25,20,3,9,1,9,2003,1,2007
55,1,1,3,2,12,1995,1,2007
40,1,3,3,1,12,1999,1,2007
10,20,0,3,2,12,2003,1,2007
20,20,3,3,1,12,1998,1,2007
15,20,2,3,2,12,2004,1,2007
10,30,4,0,1,12,1982,0,2007
15,1,3,0,2,9,1994,1,2007
25,30,2,3,1,9,1992,0,2007
15,30,3,0,1,12,1995,0,2007
15,1,2,3,1,12,1992,1,2007
10,30,3,3,2,12,2007,0,2007
25,20,1,3,1,6,2002,1,2007
15,20,2,3,1,3,2006,1,2007
20,1,4,3,2,12,2000,1,2007
20,1,3,3,1,12,2001,1,2007
40,1,2,3,1,12,2007,1,2007
80,30,4,3,1,12,1997,0,2007
20,1,4,3,2,12,2004,1,2007
25,1,0,3,2,12,2005,1,2007
35,-1,4,3,2,12,2000,2,2007
30,1,4,3,2,3,1996,1,2007
15,20,3,3,1,12,1995,1,2007
20,20,4,0,2,0,2001,1,2007
45,1,1,3,1,12,2006,1,2007
10,1,4,3,2,3,1998,1,2007
15,30,1,0,1,12,1986,0,2007
25,30,1,0,1,9,2003,0,2007
20,9,2,0,2,12,2000,1,2007
35,30,1,9,1,12,1993,0,2007
15,1,0,3,1,12,2007,1,2007
75,20,2,3,2,0,1997,1,2007
15,1,4,3,2,3,2001,1,2007
30,20,1,3,1,6,2006,1,2007
25,20,3,3,1,12,2006,1,2007
50,30,4,3,2,12,1992,0,2007
20,20,4,0,1,12,2003,1,2007
65,1,3,3,2,6,1999,1,2007
75,1,4,0,2,6,1988,1,2007
75,20,4,3,2,3,2002,1,2007
15,20,4,0,1,12,1998,1,2007
85,20,0,3,1,12,1994,1,2008
25,2,2,3,1,3,2003,1,2008
25,1,1,3,1,3,1997,1,2008
50,20,4,3,2,6,2004,1,2008
30,20,3,0,1,3,1996,1,2008
15,20,2,3,2,9,2001,1,2008
15,20,1,3,2,6,1999,1,2008
15,20,0,3,1,9,2005,1,2008
35,30,4,3,1,9,1987,0,2008
25,20,0,3,2,6,2004,1,2008
15,20,4,0,2,12,2000,1,2008
35,20,0,3,1,12,1997,1,2008
15,20,4,3,1,3,2005,1,2008
10,30,0,3,1,12,2006,0,2008
15,1,4,0,2,12,1996,1,2008
50,1,2,0,2,12,2007,1,2008
40,20,0,3,2,14,1997,1,2008
15,1,2,3,1,12,2002,1,2008
30,20,4,3,1,6,2000,1,2008
15,1,2,3,2,12,2004,1,2008
45,1,4,9,1,12,2002,1,2008
35,1,2,3,2,12,2003,1,2008
40,20,1,3,2,9,1995,1,2008
70,1,0,3,1,14,2004,1,2008
10,1,2,3,1,12,2007,1,2008
15,20,4,0,1,14,1995,1,2008
15,20,0,3,1,6,1999,1,2008
85,30,2,0,1,6,1989,0,2008
65,20,4,3,2,14,2001,1,2008
25,20,4,3,2,3,1994,1,2008
70,20,0,3,2,12,1997,1,2008
65,20,4,3,1,3,2005,1,2008
20,9,2,3,1,12,1997,1,2008
70,20,0,3,2,12,2007,1,2008
15,30,3,3,2,13,1993,0,2008
60,9,4,3,2,3,2004,1,2008
20,1,3,3,1,9,1999,1,2008
15,20,4,0,2,12,1998,1,2008
35,1,1,0,1,12,2008,1,2008
25,20,0,3,1,6,1989,1,2008
40,20,4,0,2,6,1993,1,2008
25,30,0,0,1,12,1994,0,2008
25,30,4,0,1,3,1992,0,2008
15,1,3,0,1,12,2005,1,2008
15,1,2,0,1,14,2006,1,2008
5,30,4,3,1,12,1991,0,2008
60,1,4,0,1,12,2008,1,2008
20,20,4,0,2,3,1994,1,2008
30,1,3,0,2,12,1999,1,2008
30,20,3,9,2,9,1996,1,2008
40,1,4,9,1,3,2008,1,2008
20,1,1,3,1,12,1998,1,2008
20,20,0,3,1,6,2008,1,2008
60,20,4,0,1,0,1996,1,2008
10,20,4,0,1,3,2004,1,2008
15,20,4,3,2,3,1997,1,2008
30,-1,3,9,1,12,1992,2,2008
20,20,4,3,1,3,1996,1,2008
15,1,2,3,1,6,2002,1,2008
15,20,4,9,1,3,2001,1,2008
15,1,3,3,2,12,2000,1,2008
10,30,4,0,1,0,1987,0,2008
10,20,4,0,2,13,1998,1,2008
30,20,3,3,2,3,2006,1,2008
55,1,3,3,1,12,2003,1,2008
50,20,4,0,2,6,1996,1,2008
65,1,2,3,2,12,1999,1,2008
5,20,0,3,2,12,2005,1,2008
10,9,2,3,1,12,2004,1,2008
15,9,4,3,1,3,2001,1,2008
50,1,2,3,1,12,2003,1,2008
80,1,4,3,2,12,2003,1,2008
15,1,1,9,2,12,1997,1,2008
35,20,4,0,2,12,1996,1,2008
20,20,3,0,2,12,2007,1,2008
30,-1,4,9,1,12,2005,2,2008
60,1,4,3,2,9,1996,1,2008
5,30,4,3,1,3,1984,0,2008
85,30,4,3,1,3,1993,0,2008
15,20,4,3,2,3,2003,1,2008
5,20,4,3,2,3,1995,1,2008
40,30,4,3,2,3,1995,0,2008
15,30,3,0,1,6,1992,0,2008
80,1,4,3,2,3,2006,1,2008
20,20,2,3,2,12,1997,1,2008
15,1,3,0,2,12,2001,1,2008
10,30,4,0,2,12,1995,0,2008
55,1,4,0,1,3,2008,1,2008
0,30,0,4,2,12,2005,0,2008
10,1,2,3,1,12,1994,1,2008
5,30,4,0,1,12,1988,0,2008
15,1,2,3,1,12,2000,1,2008
20,1,4,3,1,14,1997,1,2008
10,20,0,3,1,12,1990,1,2008
80,1,4,3,2,12,2000,1,2008
35,20,2,3,1,9,2004,1,2008
10,30,2,0,2,3,1995,0,2008
40,20,0,3,1,3,2004,1,2008
15,1,1,3,1,6,2002,1,2008
30,30,0,3,1,9,2000,0,2008
65,2,2,3,2,6,2004,1,2008
70,1,4,3,2,12,1995,1,2008
45,20,4,0,1,0,1997,1,2008
70,1,2,3,1,12,2008,1,2008
15,1,4,3,1,3,2007,1,2008
25,1,2,3,1,12,2000,1,2008
80,20,4,3,2,3,2002,1,2008
5,1,4,3,2,6,2008,1,2008
10,20,0,3,2,12,2003,1,2008
25,20,3,3,2,3,2001,1,2008
35,1,4,0,1,3,1998,1,2008
15,20,4,3,1,3,1999,1,2008
20,30,4,0,1,3,1991,0,2008
30,20,2,0,2,0,2006,1,2008
20,1,0,3,1,6,2002,1,2008
5,1,4,0,1,12,2002,1,2008
15,20,4,0,2,3,2000,1,2008
10,1,2,3,2,3,1997,1,2008
60,20,2,3,2,6,2000,1,2008
80,1,4,3,2,12,2002,1,2008
25,30,3,3,1,9,2005,0,2008
50,30,4,3,2,12,1994,0,2008
15,1,3,0,2,12,2000,1,2008
60,1,3,3,2,12,1998,1,2008
45,30,4,0,2,12,1988,0,2008
35,20,0,3,1,9,1985,1,2008
20,20,0,3,2,12,1998,1,2008
15,1,4,0,2,3,1995,1,2008
15,20,2,0,1,9,2002,1,2008
10,9,4,0,1,9,1996,1,2008
45,1,2,3,1,12,2003,1,2008
35,9,4,3,1,12,2005,1,2008
60,30,2,3,2,0,1997,0,2008
40,1,2,3,1,12,1998,1,2008
25,1,2,9,1,3,2002,1,2008
10,1,2,3,2,12,2001,1,2008
20,30,3,3,2,12,1990,0,2008
10,20,0,3,2,6,2004,1,2008
50,30,0,3,1,6,1992,0,2008
10,20,2,3,1,12,2000,1,2008
40,20,2,9,1,12,2003,1,2008
25,1,3,3,2,12,2007,1,2008
20,20,2,0,2,9,2004,1,2008
25,30,4,3,1,12,1990,0,2008
40,1,4,3,1,12,2000,1,2008
10,20,2,3,1,12,1999,1,2008
25,30,3,3,1,3,1999,0,2008
50,30,0,3,1,12,1992,0,2008
25,30,0,9,1,3,2007,0,2008
20,20,3,3,1,12,2004,1,2008
30,20,0,3,1,3,2005,1,2008
65,1,4,9,1,12,2003,1,2008
70,1,4,3,2,12,2001,1,2008
10,1,2,3,1,12,1995,1,2008
60,20,2,3,2,0,2000,1,2008
50,20,1,3,2,3,2004,1,2008
20,30,3,3,1,0,1994,0,2008
20,1,3,0,1,12,2004,1,2008
75,30,4,3,1,12,2006,0,2008
60,1,4,0,2,3,2000,1,2008
20,20,2,3,2,3,2005,1,2008
20,30,3,3,2,12,1999,0,2008
15,30,4,3,2,3,1988,0,2008
30,20,0,3,1,6,2005,1,2008
20,1,4,3,2,3,2005,1,2008
25,1,3,3,1,12,1999,1,2008
30,20,0,3,2,12,2002,1,2009
60,9,4,3,2,3,1996,1,2009
75,1,2,3,2,6,2006,1,2009
65,-1,0,3,2,12,1990,2,2009
45,1,4,3,2,9,2002,1,2009
15,0,4,0,2,12,1992,2,2009
60,9,3,3,2,9,2009,1,2009
30,20,3,0,1,9,1997,1,2009
15,1,4,0,2,9,1995,1,2009
10,20,0,3,2,9,2001,1,2009
25,1,3,3,2,12,1996,1,2009
15,20,0,3,2,12,2000,1,2009
75,1,1,3,2,12,2007,1,2009
85,1,4,9,1,12,2009,1,2009
40,1,4,3,1,3,2002,1,2009
25,1,4,3,1,12,2007,1,2009
20,1,2,3,2,12,1997,1,2009
10,20,0,3,1,3,2003,1,2009
60,9,0,3,2,9,2006,1,2009
60,1,0,3,1,12,2001,1,2009
35,20,4,0,1,0,1996,1,2009
20,0,0,3,2,9,1991,2,2009
15,1,1,3,1,12,2003,1,2009
55,1,1,3,2,9,1996,1,2009
40,20,1,3,2,9,2009,1,2009
30,1,0,3,2,6,2002,1,2009
15,1,4,3,1,12,2006,1,2009
10,1,4,3,1,3,2004,1,2009
20,20,3,3,1,0,1991,1,2009
45,1,3,3,2,12,2008,1,2009
80,9,4,0,2,3,2009,1,2009
25,20,0,3,2,14,1997,1,2009
20,9,1,3,1,12,2004,1,2009
20,20,2,0,1,12,2002,1,2009
25,-1,4,3,1,3,1992,2,2009
15,1,3,0,2,12,1998,1,2009
75,20,1,3,2,6,2007,1,2009
25,9,2,3,1,12,2007,1,2009
20,20,3,0,1,14,2002,1,2009
55,1,4,3,2,6,2004,1,2009
45,20,2,0,1,0,2003,1,2009
20,1,3,3,1,9,1998,1,2009
20,20,4,3,1,6,2000,1,2009
10,20,0,3,2,12,2007,1,2009
80,20,4,3,1,12,1995,1,2009
20,20,3,0,1,3,1998,1,2009
15,20,0,3,2,12,2002,1,2009
15,-1,1,3,2,12,2000,2,2009
30,1,4,0,1,14,2006,1,2009
20,-1,4,3,2,3,2009,2,2009
45,1,3,0,1,6,2000,1,2009
50,1,2,3,2,12,2002,1,2009
65,20,0,3,2,3,2008,1,2009
15,20,3,0,1,12,2005,1,2009
40,1,4,3,2,12,2001,1,2009
75,20,0,3,2,9,2006,1,2009
15,1,3,3,1,12,1999,1,2009
70,1,2,3,2,12,2003,1,2009
20,9,4,3,1,12,2005,1,2009
80,1,3,3,2,9,1995,1,2009
85,20,4,3,2,3,1995,1,2009
15,20,2,0,2,12,2001,1,2009
20,20,0,0,2,12,2005,1,2009
15,-1,4,3,1,3,2000,2,2009
15,1,1,3,1,12,2002,1,2009
10,-1,4,3,1,3,1996,2,2009
10,2,2,3,1,3,2007,1,2009
25,-1,4,0,1,0,2003,2,2009
5,2,4,9,1,0,2003,1,2009
5,-1,0,3,1,12,2005,2,2009
20,1,4,0,1,12,2006,1,2009
20,1,2,3,1,12,1999,1,2009
20,1,4,0,2,12,2003,1,2009
20,1,2,3,1,12,2000,1,2009
50,20,2,3,2,6,2004,1,2009
30,20,4,3,1,12,2000,1,2009
25,9,4,0,1,9,1996,1,2009
15,20,2,0,1,3,1997,1,2009
40,-1,1,3,2,12,1999,2,2009
10,-1,0,3,1,9,2000,2,2009
20,-1,0,3,2,12,2007,2,2009
15,-1,4,9,1,12,2000,2,2009
50,20,2,9,2,12,2003,1,2009
20,20,4,0,2,9,2002,1,2009
40,20,1,3,2,0,2004,1,2009
90,1,4,3,2,12,2005,1,2009
15,20,4,9,1,3,1995,1,2009
20,20,2,9,2,0,2003,1,2009
35,20,1,3,1,0,2000,1,2009
70,1,2,3,2,12,1997,1,2009
15,20,2,3,1,3,2006,1,2009
35,0,3,0,1,14,1995,2,2009
15,1,2,0,1,12,2004,1,2009
20,20,3,3,2,9,1995,1,2009
80,20,4,3,2,9,1990,1,2009
25,9,4,0,1,0,2006,1,2009
75,1,4,3,2,12,2001,1,2009
40,1,3,3,2,12,1995,1,2009
40,0,1,3,1,6,2006,2,2009
15,1,0,3,1,12,2002,1,2009
0,20,0,3,1,12,2003,1,2009
20,20,0,3,2,6,2002,1,2009
65,1,4,3,2,12,2003,1,2009
70,1,4,3,2,12,2005,1,2009
65,1,3,3,2,12,2007,1,2009
70,1,4,3,2,9,1996,1,2009
30,1,3,3,1,12,2006,1,2009
15,9,2,3,1,12,2008,1,2009
30,20,1,3,1,12,1994,1,2009
10,20,1,0,1,9,1991,1,2009
55,20,0,3,1,12,2002,1,2009
15,1,1,3,1,9,1997,1,2009
60,0,4,3,1,9,1985,2,2009
45,20,2,3,1,6,2003,1,2009
15,1,1,3,1,9,2006,1,2009
45,1,1,3,2,12,1999,1,2009
40,20,1,3,1,9,2009,1,2009
5,0,3,0,1,12,1989,2,2009
30,9,2,3,1,6,2008,1,2009
85,1,4,3,2,3,2005,1,2009
75,1,3,0,2,6,2001,1,2009
15,1,3,0,1,12,2004,1,2009
55,1,2,3,1,9,1997,1,2009
35,20,3,0,1,9,1992,1,2009
20,20,3,0,1,3,2002,1,2009
15,20,0,3,2,9,1999,1,2009
10,1,4,9,1,3,1995,1,2009
45,1,3,3,1,6,2009,1,2009
35,1,2,3,1,9,1994,1,2009
20,20,0,3,1,12,2002,1,2009
40,1,4,3,2,12,2002,1,2009
30,1,4,0,1,9,2005,1,2009
60,20,4,3,2,0,2001,1,2009
55,1,4,3,2,3,2002,1,2009
20,20,2,0,1,9,1990,1,2009
15,20,4,0,1,3,2006,1,2009
30,0,0,3,1,12,1991,2,2009
90,20,4,3,1,9,1992,1,2009
15,20,2,3,1,6,2000,1,2009
15,1,4,0,1,12,2004,1,2009
50,9,2,3,1,9,2006,1,2009
70,1,4,3,1,12,1999,1,2009
75,1,2,3,1,12,2004,1,2009
20,1,3,3,2,12,2009,1,2009
35,9,1,3,2,12,2003,1,2009
35,20,0,3,2,6,2002,1,2009
60,20,4,3,2,9,2001,1,2009
15,20,1,3,1,0,2006,1,2009
25,20,3,3,2,13,2002,1,2009
15,1,4,0,1,3,1999,1,2009
15,1,2,3,2,12,1998,1,2009
55,1,4,3,2,9,2000,1,2009
80,0,4,3,2,12,1979,2,2009
20,20,0,9,1,3,1999,1,2009
70,1,3,3,1,12,2003,1,2009
70,20,4,3,2,12,1993,1,2009
65,1,3,3,2,9,2008,1,2009
20,20,0,3,2,6,2000,1,2009
25,20,4,3,2,6,2006,1,2009
20,-1,0,9,1,9,2001,2,2009
20,20,3,3,1,0,2000,1,2009
60,20,2,3,2,12,1999,1,2009
95,20,0,3,1,12,2008,1,2009
15,1,4,9,2,12,1999,1,2009
45,1,4,3,2,12,2003,1,2009
45,20,0,3,1,6,2004,1,2009
20,20,4,0,1,12,2003,1,2009
15,1,3,3,1,6,2008,1,2009
20,1,0,3,1,6,2001,1,2009
35,0,3,3,2,12,1992,2,2009
15,1,4,0,2,12,1999,1,2009
30,20,4,3,1,9,1993,1,2009
40,20,0,3,1,9,1993,1,2009
20,20,4,3,1,9,1999,1,2009
45,20,2,3,2,3,2007,1,2009
80,20,4,0,2,12,1993,1,2009
60,1,2,3,2,6,1999,1,2009
65,9,1,3,2,12,2007,1,2009
45,1,1,3,2,12,1996,1,2009
40,0,4,3,1,0,1983,2,2009
85,20,0,3,2,9,2003,1,2009
65,20,3,9,2,6,1992,1,2009
20,1,4,0,1,12,1996,1,2009
20,20,2,3,1,3,2003,1,2009
30,1,1,3,2,9,2007,1,2009
60,9,4,3,2,12,2004,1,2009
80,9,4,3,2,3,2007,1,2009
55,1,1,3,2,12,2005,1,2009
45,20,1,3,1,9,1996,1,2010
35,0,2,3,2,9,1992,2,2010
5,1,1,3,1,12,2006,1,2010
75,20,0,3,2,3,2003,1,2010
60,9,4,3,2,12,2008,1,2010
70,20,0,3,1,9,1999,1,2010
20,0,2,9,2,9,1991,2,2010
60,20,1,3,2,3,2009,1,2010
80,0,3,3,2,12,1982,2,2010
50,0,4,3,2,0,1994,2,2010
30,1,3,3,2,14,2006,1,2010
30,1,4,3,2,12,2006,1,2010
55,1,4,3,2,12,2006,1,2010
75,9,4,3,1,3,2006,1,2010
10,-1,4,3,2,3,2004,2,2010
35,9,4,3,2,12,2005,1,2010
60,20,0,3,2,12,1998,1,2010
25,-1,4,3,1,12,2000,2,2010
35,20,4,3,1,0,1999,1,2010
15,20,2,3,1,3,2002,1,2010
40,-1,0,3,2,12,2011,2,2010
40,1,4,3,2,12,1994,1,2010
25,1,3,3,2,12,2006,1,2010
15,0,4,3,2,0,1990,2,2010
10,20,0,3,1,6,1997,1,2010
40,20,0,3,2,6,2001,1,2010
15,-1,4,3,2,12,2005,2,2010
20,9,4,3,2,3,2002,1,2010
25,1,4,3,1,12,2002,1,2010
15,2,3,3,2,9,2005,1,2010
65,0,0,3,1,12,1997,2,2010
35,1,4,3,2,12,2003,1,2010
30,20,1,3,2,9,1999,1,2010
25,20,0,3,1,12,1999,1,2010
35,20,1,3,2,6,2007,1,2010
50,1,4,3,2,3,1998,1,2010
15,1,2,3,2,12,2000,1,2010
15,20,2,3,2,0,2004,1,2010
15,9,2,3,2,0,1996,1,2010
15,20,4,3,2,6,1999,1,2010
15,1,2,3,2,9,2000,1,2010
35,1,1,3,2,3,1997,1,2010
20,1,4,3,2,9,2005,1,2010
20,20,1,3,1,9,1995,1,2010
15,20,4,3,1,3,2003,1,2010
45,20,1,3,2,6,2000,1,2010
15,1,1,3,1,12,2000,1,2010
85,20,0,3,2,12,2006,1,2010
15,20,3,3,1,6,2001,1,2010
15,20,1,3,2,12,2004,1,2010
20,1,3,3,1,12,2006,1,2010
15,20,0,3,2,14,1999,1,2010
30,20,4,3,2,3,2003,1,2010
75,9,4,3,2,12,2000,1,2010
45,0,0,3,1,9,1996,2,2010
40,1,0,3,1,12,2005,1,2010
50,0,2,3,1,0,1982,2,2010
55,-1,4,3,1,3,2005,2,2010
15,9,3,3,1,12,1996,1,2010
25,1,4,3,2,14,2003,1,2010
20,20,4,9,1,3,2004,1,2010
20,1,4,3,2,3,2005,1,2010
15,1,4,3,2,12,2006,1,2010
60,9,4,3,1,3,2006,1,2010
45,20,1,3,2,0,2003,1,2010
20,0,0,3,2,6,1984,2,2010
25,1,4,3,1,3,1994,1,2010
55,0,2,3,2,9,1996,2,2010
15,20,3,9,2,9,2005,1,2010
35,20,3,3,2,6,2003,1,2010
70,1,0,3,2,9,2002,1,2010
25,20,0,3,1,9,2007,1,2010
20,9,3,3,2,9,1992,1,2010
55,1,3,3,2,12,2005,1,2010
75,20,4,3,1,0,2003,1,2010
15,20,2,3,2,0,1998,1,2010
20,20,1,3,1,14,2007,1,2010
35,9,4,9,2,12,2006,1,2010
25,20,2,3,1,0,2000,1,2010
75,0,4,3,2,12,1994,2,2010
60,9,4,3,1,3,2001,1,2010
20,20,4,3,2,6,2002,1,2010
30,20,0,3,2,6,2009,1,2010
20,20,4,3,1,3,2000,1,2010
10,20,0,3,1,3,2000,1,2010
50,9,3,3,2,12,2006,1,2010
55,20,0,3,2,12,2008,1,2010
20,20,0,3,2,9,2000,1,2010
20,-1,0,3,2,6,2005,2,2010
15,1,4,3,1,6,1998,1,2010
70,1,4,3,1,9,2001,1,2010
5,20,0,3,1,3,2008,1,2010
10,20,0,3,1,12,2007,1,2010
35,1,4,3,1,3,1993,1,2010
15,20,4,3,2,3,2010,1,2010
20,20,4,3,2,12,1996,1,2010
20,20,4,3,2,3,1995,1,2010
75,1,3,3,2,12,2001,1,2010
85,1,4,3,2,12,2002,1,2010
50,20,0,3,2,12,1998,1,2010
20,20,4,3,1,3,2008,1,2010
40,20,1,3,2,6,1992,1,2010
25,9,1,3,2,12,2004,1,2010
20,-1,0,3,1,3,1998,2,2010
10,0,0,3,2,12,2006,2,2010
85,0,0,3,2,12,1995,2,2010
25,20,2,3,1,0,1997,1,2010
10,20,3,3,2,12,1998,1,2010
20,20,4,3,1,12,1999,1,2010
20,20,2,3,1,0,1993,1,2010
75,20,4,3,2,12,2006,1,2010
5,20,0,3,1,12,2010,1,2010
30,0,3,3,1,3,1997,2,2010
15,1,3,9,2,9,1996,1,2010
15,0,4,3,2,3,1992,2,2010
25,20,0,9,1,9,1999,1,2010
40,0,4,3,2,12,1994,2,2010
5,1,0,3,1,12,2006,1,2010
50,2,1,3,1,3,2002,1,2010
60,1,3,3,2,12,2000,1,2010
40,1,4,3,1,14,2003,1,2010
15,20,2,3,1,12,2001,1,2010
15,1,0,3,1,12,2000,1,2010
30,1,2,3,2,12,1999,1,2010
25,1,4,3,1,12,2003,1,2010
20,1,4,3,2,9,2001,1,2010
15,20,4,3,2,3,2001,1,2010
25,9,4,3,1,0,2000,1,2010
20,1,0,3,1,12,2008,1,2010
20,-1,3,3,1,6,1995,2,2010
30,1,2,3,2,12,1997,1,2010
60,20,2,3,1,9,1995,1,2010
15,20,2,3,2,14,1996,1,2010
40,9,4,3,1,3,2009,1,2010
20,1,4,3,1,9,2006,1,2010
65,20,4,3,2,9,2005,1,2010
40,0,2,3,1,12,1989,2,2010
90,1,4,3,1,3,2002,1,2010
15,1,4,3,1,3,1995,1,2010
55,1,4,3,1,3,1999,1,2010
30,20,1,3,1,6,2002,1,2010
20,20,0,3,1,6,1997,1,2010
15,20,2,3,1,6,2002,1,2010
15,20,3,3,2,3,2000,1,2010
75,1,4,3,2,9,2001,1,2010
20,0,4,9,2,9,1992,2,2010
65,1,1,3,2,12,2004,1,2010
45,-1,4,3,1,0,2007,2,2010
